Sequence_Index,Reconstruction_MSE,True_Label,Predicted_Anomaly,Is_TP,Is_FP,Is_FN,Is_TN
0,1.115993,0,1,False,True,False,False
1,1.141593,1,1,True,False,False,False
2,1.139895,0,1,False,True,False,False
3,1.130775,0,1,False,True,False,False
4,1.120797,0,1,False,True,False,False
5,1.116051,0,1,False,True,False,False
6,1.131407,1,1,True,False,False,False
7,0.969454,0,1,False,True,False,False
8,0.959789,0,1,False,True,False,False
9,0.965715,0,1,False,True,False,False
10,0.976182,0,1,False,True,False,False
11,0.97583,0,1,False,True,False,False
12,0.845147,0,0,False,False,False,True
13,0.857735,0,0,False,False,False,True
14,0.985348,1,1,True,False,False,False
15,0.983702,0,1,False,True,False,False
16,1.148611,1,1,True,False,False,False
17,1.140554,0,1,False,True,False,False
18,1.137578,0,1,False,True,False,False
19,1.15566,0,1,False,True,False,False
20,1.143832,0,1,False,True,False,False
21,1.141425,0,1,False,True,False,False
22,1.140039,0,1,False,True,False,False
23,1.124758,0,1,False,True,False,False
24,1.129374,0,1,False,True,False,False
25,1.138452,0,1,False,True,False,False
26,1.12359,0,1,False,True,False,False
27,1.122211,0,1,False,True,False,False
28,1.134517,0,1,False,True,False,False
29,1.114209,0,1,False,True,False,False
30,1.101885,0,1,False,True,False,False
31,1.108354,0,1,False,True,False,False
32,1.122595,0,1,False,True,False,False
33,1.137223,0,1,False,True,False,False
34,1.141297,0,1,False,True,False,False
35,1.144772,0,1,False,True,False,False
36,1.155201,0,1,False,True,False,False
37,1.28022,1,1,True,False,False,False
38,1.165395,0,1,False,True,False,False
39,1.171049,0,1,False,True,False,False
40,1.179716,0,1,False,True,False,False
41,1.14573,0,1,False,True,False,False
42,1.133055,0,1,False,True,False,False
43,1.113728,0,1,False,True,False,False
44,1.123971,0,1,False,True,False,False
45,1.124948,0,1,False,True,False,False
46,1.020827,0,1,False,True,False,False
47,1.029644,0,1,False,True,False,False
48,1.029274,0,1,False,True,False,False
49,1.020965,0,1,False,True,False,False
50,1.003771,0,1,False,True,False,False
51,1.008208,0,1,False,True,False,False
52,1.032744,1,1,True,False,False,False
53,1.027387,0,1,False,True,False,False
54,0.90466,0,1,False,True,False,False
55,0.913208,0,1,False,True,False,False
56,0.729674,0,0,False,False,False,True
57,0.905681,1,1,True,False,False,False
58,0.911755,0,1,False,True,False,False
59,0.90436,0,1,False,True,False,False
60,0.910086,0,1,False,True,False,False
61,0.922311,0,1,False,True,False,False
62,1.089141,1,1,True,False,False,False
63,1.075808,0,1,False,True,False,False
64,1.077167,0,1,False,True,False,False
65,1.066943,0,1,False,True,False,False
66,1.065869,0,1,False,True,False,False
67,1.055808,0,1,False,True,False,False
68,1.051411,0,1,False,True,False,False
69,1.046621,0,1,False,True,False,False
70,1.153774,1,1,True,False,False,False
71,1.142706,0,1,False,True,False,False
72,1.135047,0,1,False,True,False,False
73,1.126629,0,1,False,True,False,False
74,1.12193,0,1,False,True,False,False
75,1.136373,0,1,False,True,False,False
76,1.133417,0,1,False,True,False,False
77,1.029407,0,1,False,True,False,False
78,1.042459,0,1,False,True,False,False
79,1.035256,0,1,False,True,False,False
80,1.02613,0,1,False,True,False,False
81,1.039179,0,1,False,True,False,False
82,1.038229,0,1,False,True,False,False
83,1.037047,0,1,False,True,False,False
84,1.044794,0,1,False,True,False,False
85,1.07074,0,1,False,True,False,False
86,1.068317,0,1,False,True,False,False
87,1.064192,0,1,False,True,False,False
88,1.065991,0,1,False,True,False,False
89,1.073706,0,1,False,True,False,False
90,1.079765,0,1,False,True,False,False
91,1.102285,0,1,False,True,False,False
92,1.078179,0,1,False,True,False,False
93,1.084874,0,1,False,True,False,False
94,1.079574,0,1,False,True,False,False
95,1.059524,0,1,False,True,False,False
96,1.062502,0,1,False,True,False,False
97,0.908635,0,1,False,True,False,False
98,0.913557,0,1,False,True,False,False
99,0.90827,0,1,False,True,False,False
100,0.905371,0,1,False,True,False,False
101,0.898411,0,0,False,False,False,True
102,0.743264,0,0,False,False,False,True
103,0.746337,0,0,False,False,False,True
104,0.739975,0,0,False,False,False,True
105,0.737568,0,0,False,False,False,True
106,0.728478,0,0,False,False,False,True
107,0.738778,0,0,False,False,False,True
108,0.743151,0,0,False,False,False,True
109,0.750774,0,0,False,False,False,True
110,0.633449,0,0,False,False,False,True
111,0.642658,0,0,False,False,False,True
112,0.644358,0,0,False,False,False,True
113,0.637263,0,0,False,False,False,True
114,0.636015,0,0,False,False,False,True
115,0.629731,0,0,False,False,False,True
116,0.80397,1,0,False,False,True,False
117,0.786232,0,0,False,False,False,True
118,0.776475,0,0,False,False,False,True
119,0.786621,0,0,False,False,False,True
120,0.780162,0,0,False,False,False,True
121,0.773916,0,0,False,False,False,True
122,0.786116,0,0,False,False,False,True
123,0.798255,0,0,False,False,False,True
124,0.783916,0,0,False,False,False,True
125,0.768995,0,0,False,False,False,True
126,0.769041,0,0,False,False,False,True
127,0.771156,0,0,False,False,False,True
128,0.78563,0,0,False,False,False,True
129,0.773961,0,0,False,False,False,True
130,0.765033,0,0,False,False,False,True
131,0.755479,0,0,False,False,False,True
132,0.733877,0,0,False,False,False,True
133,0.712046,0,0,False,False,False,True
134,0.720145,0,0,False,False,False,True
135,0.853136,1,0,False,False,True,False
136,0.845106,0,0,False,False,False,True
137,0.853918,1,0,False,False,True,False
138,0.842315,0,0,False,False,False,True
139,0.836892,0,0,False,False,False,True
140,0.860809,0,0,False,False,False,True
141,0.861024,0,0,False,False,False,True
142,0.890039,0,0,False,False,False,True
143,0.891343,0,0,False,False,False,True
144,0.89525,0,0,False,False,False,True
145,0.884953,0,0,False,False,False,True
146,0.888693,0,0,False,False,False,True
147,0.885104,0,0,False,False,False,True
148,0.882468,0,0,False,False,False,True
149,0.994383,1,1,True,False,False,False
150,1.00386,0,1,False,True,False,False
151,0.989646,0,1,False,True,False,False
152,1.006941,0,1,False,True,False,False
153,1.022932,0,1,False,True,False,False
154,1.025998,0,1,False,True,False,False
155,1.029687,0,1,False,True,False,False
156,0.84958,0,0,False,False,False,True
157,0.868524,0,0,False,False,False,True
158,0.871678,0,0,False,False,False,True
159,0.881591,0,0,False,False,False,True
160,0.880672,0,0,False,False,False,True
161,0.892182,0,0,False,False,False,True
162,0.889218,0,0,False,False,False,True
163,0.881165,0,0,False,False,False,True
164,0.901753,0,0,False,False,False,True
165,0.905116,0,1,False,True,False,False
166,0.898095,0,0,False,False,False,True
167,0.902712,0,0,False,False,False,True
168,0.878904,0,0,False,False,False,True
169,0.877015,0,0,False,False,False,True
170,0.89196,0,0,False,False,False,True
171,0.902011,0,0,False,False,False,True
172,0.896645,0,0,False,False,False,True
173,0.924058,0,1,False,True,False,False
174,0.917494,0,1,False,True,False,False
175,0.790388,0,0,False,False,False,True
176,0.792845,0,0,False,False,False,True
177,0.776839,0,0,False,False,False,True
178,0.787512,0,0,False,False,False,True
179,0.799056,0,0,False,False,False,True
180,0.774053,0,0,False,False,False,True
181,0.770518,0,0,False,False,False,True
182,0.748364,0,0,False,False,False,True
183,0.763797,0,0,False,False,False,True
184,0.767357,0,0,False,False,False,True
185,0.766601,0,0,False,False,False,True
186,0.773502,0,0,False,False,False,True
187,0.764589,0,0,False,False,False,True
188,0.764765,0,0,False,False,False,True
189,0.658046,0,0,False,False,False,True
190,0.647533,0,0,False,False,False,True
191,0.651666,0,0,False,False,False,True
192,0.635876,0,0,False,False,False,True
193,0.620829,0,0,False,False,False,True
194,0.620294,0,0,False,False,False,True
195,0.619661,0,0,False,False,False,True
196,0.628379,0,0,False,False,False,True
197,0.653402,0,0,False,False,False,True
198,0.681295,0,0,False,False,False,True
199,0.665446,0,0,False,False,False,True
200,0.676746,0,0,False,False,False,True
201,0.689392,1,0,False,False,True,False
202,0.691839,0,0,False,False,False,True
203,0.684667,0,0,False,False,False,True
204,0.656968,0,0,False,False,False,True
205,0.664992,0,0,False,False,False,True
206,0.668244,0,0,False,False,False,True
207,0.675089,0,0,False,False,False,True
208,0.688998,0,0,False,False,False,True
209,0.701949,0,0,False,False,False,True
210,0.717357,0,0,False,False,False,True
211,0.691931,0,0,False,False,False,True
212,0.699176,0,0,False,False,False,True
213,0.685492,0,0,False,False,False,True
214,0.687603,0,0,False,False,False,True
215,0.706304,0,0,False,False,False,True
216,0.706569,0,0,False,False,False,True
217,0.707486,0,0,False,False,False,True
218,0.702059,0,0,False,False,False,True
219,0.711603,0,0,False,False,False,True
220,0.72184,0,0,False,False,False,True
221,0.721172,0,0,False,False,False,True
222,0.722033,0,0,False,False,False,True
223,0.700159,0,0,False,False,False,True
224,0.70127,0,0,False,False,False,True
225,0.706849,0,0,False,False,False,True
226,0.71228,0,0,False,False,False,True
227,0.711946,0,0,False,False,False,True
228,0.70456,0,0,False,False,False,True
229,0.696351,0,0,False,False,False,True
230,0.696226,0,0,False,False,False,True
231,0.695849,0,0,False,False,False,True
232,0.698143,0,0,False,False,False,True
233,0.711611,0,0,False,False,False,True
234,0.707301,0,0,False,False,False,True
235,0.702231,0,0,False,False,False,True
236,0.706402,0,0,False,False,False,True
237,0.661056,0,0,False,False,False,True
238,0.640289,0,0,False,False,False,True
239,0.640371,0,0,False,False,False,True
240,0.649175,0,0,False,False,False,True
241,0.622778,0,0,False,False,False,True
242,0.783277,1,0,False,False,True,False
243,0.802546,0,0,False,False,False,True
244,0.813487,0,0,False,False,False,True
245,0.811222,0,0,False,False,False,True
246,0.819788,0,0,False,False,False,True
247,0.833238,0,0,False,False,False,True
248,0.865633,1,0,False,False,True,False
249,0.867161,0,0,False,False,False,True
250,0.834823,0,0,False,False,False,True
251,0.831626,0,0,False,False,False,True
252,0.830445,0,0,False,False,False,True
253,0.835762,0,0,False,False,False,True
254,0.841287,0,0,False,False,False,True
255,0.83645,0,0,False,False,False,True
256,0.838159,0,0,False,False,False,True
257,0.835119,0,0,False,False,False,True
258,0.85006,0,0,False,False,False,True
259,0.831623,0,0,False,False,False,True
260,0.827708,0,0,False,False,False,True
261,0.832319,0,0,False,False,False,True
262,0.965261,1,1,True,False,False,False
263,0.966117,0,1,False,True,False,False
264,0.968129,0,1,False,True,False,False
265,0.969438,0,1,False,True,False,False
266,0.964059,0,1,False,True,False,False
267,0.968346,0,1,False,True,False,False
268,0.977222,0,1,False,True,False,False
269,0.983365,0,1,False,True,False,False
270,0.981928,0,1,False,True,False,False
271,0.982492,0,1,False,True,False,False
272,0.982299,0,1,False,True,False,False
273,0.976365,0,1,False,True,False,False
274,0.971155,0,1,False,True,False,False
275,0.978405,0,1,False,True,False,False
276,1.001416,0,1,False,True,False,False
277,1.004902,0,1,False,True,False,False
278,1.002828,0,1,False,True,False,False
279,0.98913,0,1,False,True,False,False
280,0.970988,0,1,False,True,False,False
281,0.974475,0,1,False,True,False,False
282,0.822645,0,0,False,False,False,True
283,0.806528,0,0,False,False,False,True
284,0.819845,0,0,False,False,False,True
285,0.825902,0,0,False,False,False,True
286,0.813726,0,0,False,False,False,True
287,0.791022,0,0,False,False,False,True
288,0.742306,0,0,False,False,False,True
289,0.737408,0,0,False,False,False,True
290,0.745599,0,0,False,False,False,True
291,0.745875,0,0,False,False,False,True
292,0.733332,0,0,False,False,False,True
293,0.719472,0,0,False,False,False,True
294,0.713688,0,0,False,False,False,True
295,0.695697,0,0,False,False,False,True
296,0.700761,0,0,False,False,False,True
297,0.685544,0,0,False,False,False,True
298,0.670012,0,0,False,False,False,True
299,0.681246,1,0,False,False,True,False
300,0.68744,0,0,False,False,False,True
301,0.684231,0,0,False,False,False,True
302,0.56143,0,0,False,False,False,True
303,0.559977,0,0,False,False,False,True
304,0.563348,0,0,False,False,False,True
305,0.566481,0,0,False,False,False,True
306,0.54798,0,0,False,False,False,True
307,0.562262,0,0,False,False,False,True
308,0.547947,0,0,False,False,False,True
309,0.545409,0,0,False,False,False,True
310,0.540119,0,0,False,False,False,True
311,0.546421,0,0,False,False,False,True
312,0.557018,0,0,False,False,False,True
313,0.570812,0,0,False,False,False,True
314,0.575345,0,0,False,False,False,True
315,0.586214,0,0,False,False,False,True
316,0.581135,0,0,False,False,False,True
317,0.57388,0,0,False,False,False,True
318,0.803044,1,0,False,False,True,False
319,0.820034,0,0,False,False,False,True
320,0.871271,1,0,False,False,True,False
321,0.871962,0,0,False,False,False,True
322,0.872526,0,0,False,False,False,True
323,0.87315,0,0,False,False,False,True
324,0.862154,0,0,False,False,False,True
325,0.869063,0,0,False,False,False,True
326,0.862426,0,0,False,False,False,True
327,0.879169,0,0,False,False,False,True
328,0.859849,0,0,False,False,False,True
329,0.873147,0,0,False,False,False,True
330,0.880026,0,0,False,False,False,True
331,0.876135,0,0,False,False,False,True
332,0.875338,0,0,False,False,False,True
333,0.886071,0,0,False,False,False,True
334,1.000314,1,1,True,False,False,False
335,1.00511,0,1,False,True,False,False
336,1.010999,0,1,False,True,False,False
337,1.011964,0,1,False,True,False,False
338,1.014585,0,1,False,True,False,False
339,1.018047,0,1,False,True,False,False
340,1.02373,0,1,False,True,False,False
341,1.026045,0,1,False,True,False,False
342,1.017213,0,1,False,True,False,False
343,1.045351,0,1,False,True,False,False
344,1.047554,0,1,False,True,False,False
345,1.046538,0,1,False,True,False,False
346,1.05143,0,1,False,True,False,False
347,1.042175,0,1,False,True,False,False
348,1.041515,0,1,False,True,False,False
349,1.045494,0,1,False,True,False,False
350,1.03708,0,1,False,True,False,False
351,1.047903,0,1,False,True,False,False
352,1.042303,0,1,False,True,False,False
353,1.039127,0,1,False,True,False,False
354,1.040861,0,1,False,True,False,False
355,1.056118,0,1,False,True,False,False
356,1.035043,0,1,False,True,False,False
357,1.033932,0,1,False,True,False,False
358,0.814318,0,0,False,False,False,True
359,0.90205,1,0,False,False,True,False
360,0.867552,0,0,False,False,False,True
361,0.858204,0,0,False,False,False,True
362,0.854528,0,0,False,False,False,True
363,0.879723,0,0,False,False,False,True
364,0.879186,0,0,False,False,False,True
365,0.867322,0,0,False,False,False,True
366,0.88536,0,0,False,False,False,True
367,0.883443,0,0,False,False,False,True
368,0.897329,0,0,False,False,False,True
369,0.906737,1,1,True,False,False,False
370,0.898636,0,0,False,False,False,True
371,0.908682,0,1,False,True,False,False
372,0.9047,0,1,False,True,False,False
373,0.903717,0,0,False,False,False,True
374,0.783974,0,0,False,False,False,True
375,0.786137,0,0,False,False,False,True
376,0.785191,0,0,False,False,False,True
377,0.791141,0,0,False,False,False,True
378,0.782253,0,0,False,False,False,True
379,0.762787,0,0,False,False,False,True
380,0.755732,0,0,False,False,False,True
381,0.757717,0,0,False,False,False,True
382,0.907186,1,1,True,False,False,False
383,0.874034,0,0,False,False,False,True
384,0.869168,0,0,False,False,False,True
385,0.869728,0,0,False,False,False,True
386,0.869239,0,0,False,False,False,True
387,0.865021,0,0,False,False,False,True
388,0.876125,0,0,False,False,False,True
389,0.872496,0,0,False,False,False,True
390,0.888696,0,0,False,False,False,True
391,0.877646,0,0,False,False,False,True
392,0.877223,0,0,False,False,False,True
393,0.872992,0,0,False,False,False,True
394,0.867081,0,0,False,False,False,True
395,0.855474,0,0,False,False,False,True
396,0.852926,0,0,False,False,False,True
397,0.843218,0,0,False,False,False,True
398,0.839902,0,0,False,False,False,True
399,0.751336,0,0,False,False,False,True
400,0.748448,0,0,False,False,False,True
401,0.757134,0,0,False,False,False,True
402,0.752577,0,0,False,False,False,True
403,0.740198,0,0,False,False,False,True
404,0.750002,0,0,False,False,False,True
405,0.799807,1,0,False,False,True,False
406,0.795189,0,0,False,False,False,True
407,0.789187,0,0,False,False,False,True
408,0.782951,0,0,False,False,False,True
409,0.791995,0,0,False,False,False,True
410,0.79254,0,0,False,False,False,True
411,0.796415,0,0,False,False,False,True
412,0.795432,0,0,False,False,False,True
413,0.788589,0,0,False,False,False,True
414,0.795515,0,0,False,False,False,True
415,0.790266,0,0,False,False,False,True
416,0.775677,0,0,False,False,False,True
417,0.762508,0,0,False,False,False,True
418,0.776962,0,0,False,False,False,True
419,0.797942,0,0,False,False,False,True
420,0.794361,0,0,False,False,False,True
421,0.795938,0,0,False,False,False,True
422,0.683396,0,0,False,False,False,True
423,0.684517,0,0,False,False,False,True
424,0.84051,1,0,False,False,True,False
425,0.83361,0,0,False,False,False,True
426,0.841749,0,0,False,False,False,True
427,0.859513,0,0,False,False,False,True
428,0.851725,0,0,False,False,False,True
429,0.85199,0,0,False,False,False,True
430,0.842973,0,0,False,False,False,True
431,0.851309,0,0,False,False,False,True
432,0.856009,0,0,False,False,False,True
433,0.852203,0,0,False,False,False,True
434,0.858882,0,0,False,False,False,True
435,0.85261,0,0,False,False,False,True
436,0.856115,0,0,False,False,False,True
437,0.875474,0,0,False,False,False,True
438,0.878573,0,0,False,False,False,True
439,0.882483,0,0,False,False,False,True
440,1.029846,1,1,True,False,False,False
441,1.171737,1,1,True,False,False,False
442,1.163991,0,1,False,True,False,False
443,1.148447,0,1,False,True,False,False
444,1.138098,0,1,False,True,False,False
445,1.069403,0,1,False,True,False,False
446,1.061872,0,1,False,True,False,False
447,1.059252,0,1,False,True,False,False
448,1.055332,0,1,False,True,False,False
449,1.03547,0,1,False,True,False,False
450,1.038691,0,1,False,True,False,False
451,1.142167,1,1,True,False,False,False
452,1.144592,0,1,False,True,False,False
453,1.138644,0,1,False,True,False,False
454,1.140329,0,1,False,True,False,False
455,1.140607,0,1,False,True,False,False
456,1.151681,0,1,False,True,False,False
457,1.174138,0,1,False,True,False,False
458,1.17069,0,1,False,True,False,False
459,1.15284,0,1,False,True,False,False
460,1.162275,0,1,False,True,False,False
461,1.157718,0,1,False,True,False,False
462,1.133689,0,1,False,True,False,False
463,1.147819,0,1,False,True,False,False
464,1.009516,0,1,False,True,False,False
465,1.010004,0,1,False,True,False,False
466,1.005875,0,1,False,True,False,False
467,0.985968,0,1,False,True,False,False
468,0.994804,0,1,False,True,False,False
469,0.988863,0,1,False,True,False,False
470,0.988942,0,1,False,True,False,False
471,0.980061,0,1,False,True,False,False
472,0.983057,0,1,False,True,False,False
473,1.077125,1,1,True,False,False,False
474,1.075975,0,1,False,True,False,False
475,1.066427,0,1,False,True,False,False
476,1.061614,0,1,False,True,False,False
477,1.051015,0,1,False,True,False,False
478,1.06198,0,1,False,True,False,False
479,1.05736,0,1,False,True,False,False
480,0.902832,0,0,False,False,False,True
481,0.767869,0,0,False,False,False,True
482,0.776964,0,0,False,False,False,True
483,0.781932,0,0,False,False,False,True
484,0.780138,0,0,False,False,False,True
485,0.790273,0,0,False,False,False,True
486,0.79524,0,0,False,False,False,True
487,0.793748,0,0,False,False,False,True
488,0.792209,0,0,False,False,False,True
489,0.783905,0,0,False,False,False,True
490,0.772535,0,0,False,False,False,True
491,0.650501,0,0,False,False,False,True
492,0.654499,0,0,False,False,False,True
493,0.658302,0,0,False,False,False,True
494,0.650534,0,0,False,False,False,True
495,0.653266,0,0,False,False,False,True
496,0.639539,0,0,False,False,False,True
497,0.629311,0,0,False,False,False,True
498,0.629554,0,0,False,False,False,True
499,0.786525,1,0,False,False,True,False
500,0.770973,0,0,False,False,False,True
501,0.890138,1,0,False,False,True,False
502,0.905701,0,1,False,True,False,False
503,0.969464,1,1,True,False,False,False
504,0.96579,0,1,False,True,False,False
505,0.964576,0,1,False,True,False,False
506,0.973517,0,1,False,True,False,False
507,0.97412,0,1,False,True,False,False
508,0.967206,0,1,False,True,False,False
509,0.988504,0,1,False,True,False,False
510,0.98317,0,1,False,True,False,False
511,1.003926,0,1,False,True,False,False
512,0.99678,0,1,False,True,False,False
513,0.944377,1,1,True,False,False,False
514,0.939212,0,1,False,True,False,False
515,0.945482,0,1,False,True,False,False
516,0.953026,0,1,False,True,False,False
517,0.957152,0,1,False,True,False,False
518,0.953379,0,1,False,True,False,False
519,0.961077,0,1,False,True,False,False
520,0.971338,0,1,False,True,False,False
521,0.966531,0,1,False,True,False,False
522,0.958312,0,1,False,True,False,False
523,0.954967,0,1,False,True,False,False
524,0.953784,0,1,False,True,False,False
525,0.956196,0,1,False,True,False,False
526,0.952533,0,1,False,True,False,False
527,0.963701,0,1,False,True,False,False
528,1.028696,1,1,True,False,False,False
529,1.153819,1,1,True,False,False,False
530,1.146356,0,1,False,True,False,False
531,1.164338,0,1,False,True,False,False
532,1.160646,0,1,False,True,False,False
533,1.163209,0,1,False,True,False,False
534,1.173843,0,1,False,True,False,False
535,1.271702,1,1,True,False,False,False
536,1.268072,0,1,False,True,False,False
537,1.35865,1,1,True,False,False,False
538,1.349728,0,1,False,True,False,False
539,1.201912,0,1,False,True,False,False
540,1.299403,1,1,True,False,False,False
541,1.175357,0,1,False,True,False,False
542,1.153778,0,1,False,True,False,False
543,1.068206,0,1,False,True,False,False
544,1.069043,0,1,False,True,False,False
545,1.091113,0,1,False,True,False,False
546,1.126256,0,1,False,True,False,False
547,1.139814,0,1,False,True,False,False
548,1.139643,0,1,False,True,False,False
549,1.140059,0,1,False,True,False,False
550,1.145061,0,1,False,True,False,False
551,1.137727,0,1,False,True,False,False
552,1.142068,0,1,False,True,False,False
553,1.120175,0,1,False,True,False,False
554,1.127735,0,1,False,True,False,False
555,1.124855,0,1,False,True,False,False
556,1.116067,0,1,False,True,False,False
557,1.103775,0,1,False,True,False,False
558,1.149244,1,1,True,False,False,False
559,1.139879,0,1,False,True,False,False
560,1.146601,0,1,False,True,False,False
561,1.25674,1,1,True,False,False,False
562,1.259249,0,1,False,True,False,False
563,1.270569,0,1,False,True,False,False
564,1.374281,1,1,True,False,False,False
565,1.389443,0,1,False,True,False,False
566,1.402478,0,1,False,True,False,False
567,1.413148,0,1,False,True,False,False
568,1.356585,0,1,False,True,False,False
569,1.232233,0,1,False,True,False,False
570,1.253273,0,1,False,True,False,False
571,1.243628,0,1,False,True,False,False
572,1.243156,0,1,False,True,False,False
573,1.235419,0,1,False,True,False,False
574,1.232505,0,1,False,True,False,False
575,1.141329,0,1,False,True,False,False
576,1.154594,0,1,False,True,False,False
577,1.030249,0,1,False,True,False,False
578,1.035982,0,1,False,True,False,False
579,1.137032,1,1,True,False,False,False
580,0.993819,0,1,False,True,False,False
581,0.985589,0,1,False,True,False,False
582,1.002027,0,1,False,True,False,False
583,1.00307,0,1,False,True,False,False
584,1.00514,0,1,False,True,False,False
585,0.996352,0,1,False,True,False,False
586,0.982125,0,1,False,True,False,False
587,1.06614,1,1,True,False,False,False
588,1.061081,0,1,False,True,False,False
589,1.058431,0,1,False,True,False,False
590,1.062956,0,1,False,True,False,False
591,1.073819,0,1,False,True,False,False
592,1.083876,0,1,False,True,False,False
593,1.06734,0,1,False,True,False,False
594,1.063496,0,1,False,True,False,False
595,1.088147,0,1,False,True,False,False
596,1.099797,0,1,False,True,False,False
597,1.110708,0,1,False,True,False,False
598,1.063719,0,1,False,True,False,False
599,1.075782,0,1,False,True,False,False
600,1.057626,0,1,False,True,False,False
601,0.930151,0,1,False,True,False,False
602,0.929615,0,1,False,True,False,False
603,0.921593,0,1,False,True,False,False
604,0.819016,0,0,False,False,False,True
605,0.791833,0,0,False,False,False,True
606,0.792834,0,0,False,False,False,True
607,0.910086,1,1,True,False,False,False
608,0.918582,0,1,False,True,False,False
609,0.920317,0,1,False,True,False,False
610,0.911581,0,1,False,True,False,False
611,0.928171,1,1,True,False,False,False
612,0.934092,0,1,False,True,False,False
613,0.938238,0,1,False,True,False,False
614,0.934836,0,1,False,True,False,False
615,0.930511,0,1,False,True,False,False
616,0.92416,0,1,False,True,False,False
617,0.923181,0,1,False,True,False,False
618,0.923088,0,1,False,True,False,False
619,0.816995,0,0,False,False,False,True
620,0.834408,0,0,False,False,False,True
621,0.819204,0,0,False,False,False,True
622,0.808656,0,0,False,False,False,True
623,0.816333,0,0,False,False,False,True
624,0.814739,0,0,False,False,False,True
625,0.810903,0,0,False,False,False,True
626,0.808682,0,0,False,False,False,True
627,0.699339,0,0,False,False,False,True
628,0.721841,0,0,False,False,False,True
629,0.726528,0,0,False,False,False,True
630,0.741794,0,0,False,False,False,True
631,0.7429,0,0,False,False,False,True
632,0.727276,0,0,False,False,False,True
633,0.72409,0,0,False,False,False,True
634,0.722232,0,0,False,False,False,True
635,0.710916,0,0,False,False,False,True
636,0.711636,0,0,False,False,False,True
637,0.863841,1,0,False,False,True,False
638,0.862838,0,0,False,False,False,True
639,0.856857,0,0,False,False,False,True
640,0.866449,0,0,False,False,False,True
641,0.869396,0,0,False,False,False,True
642,0.878943,0,0,False,False,False,True
643,0.872577,0,0,False,False,False,True
644,0.867728,0,0,False,False,False,True
645,0.872468,0,0,False,False,False,True
646,0.860866,0,0,False,False,False,True
647,0.742555,0,0,False,False,False,True
648,0.740729,0,0,False,False,False,True
649,0.739422,0,0,False,False,False,True
650,0.738083,0,0,False,False,False,True
651,0.716275,0,0,False,False,False,True
652,0.713162,0,0,False,False,False,True
653,0.714891,0,0,False,False,False,True
654,0.717348,0,0,False,False,False,True
655,0.715051,0,0,False,False,False,True
656,0.709011,0,0,False,False,False,True
657,0.71019,0,0,False,False,False,True
658,0.702998,0,0,False,False,False,True
659,0.694527,0,0,False,False,False,True
660,0.683734,0,0,False,False,False,True
661,0.787402,1,0,False,False,True,False
662,0.798097,0,0,False,False,False,True
663,0.789859,0,0,False,False,False,True
664,0.786708,0,0,False,False,False,True
665,0.798922,0,0,False,False,False,True
666,0.794549,0,0,False,False,False,True
667,0.794254,0,0,False,False,False,True
668,0.771481,0,0,False,False,False,True
669,0.77028,0,0,False,False,False,True
670,0.755372,0,0,False,False,False,True
671,0.744916,0,0,False,False,False,True
672,0.758395,0,0,False,False,False,True
673,0.759071,0,0,False,False,False,True
674,0.759649,0,0,False,False,False,True
675,0.870767,1,0,False,False,True,False
676,0.865746,0,0,False,False,False,True
677,0.728911,0,0,False,False,False,True
678,0.755962,0,0,False,False,False,True
679,0.760069,0,0,False,False,False,True
680,0.755195,0,0,False,False,False,True
681,0.762388,0,0,False,False,False,True
682,0.748917,0,0,False,False,False,True
683,0.744381,0,0,False,False,False,True
684,0.73916,0,0,False,False,False,True
685,0.786255,0,0,False,False,False,True
686,0.784924,0,0,False,False,False,True
687,0.772242,0,0,False,False,False,True
688,0.766876,0,0,False,False,False,True
689,0.77485,0,0,False,False,False,True
690,0.766562,0,0,False,False,False,True
691,0.78654,0,0,False,False,False,True
692,0.785087,0,0,False,False,False,True
693,0.786469,0,0,False,False,False,True
694,0.916933,1,1,True,False,False,False
695,0.914559,0,1,False,True,False,False
696,1.078897,1,1,True,False,False,False
697,1.190295,1,1,True,False,False,False
698,1.187747,0,1,False,True,False,False
699,1.194996,0,1,False,True,False,False
700,1.190385,0,1,False,True,False,False
701,1.100782,0,1,False,True,False,False
702,1.114642,0,1,False,True,False,False
703,1.119116,0,1,False,True,False,False
704,1.122225,0,1,False,True,False,False
705,1.131241,0,1,False,True,False,False
706,1.137788,0,1,False,True,False,False
707,1.149708,0,1,False,True,False,False
708,1.178403,0,1,False,True,False,False
709,1.182239,0,1,False,True,False,False
710,1.184493,0,1,False,True,False,False
711,1.183573,0,1,False,True,False,False
712,1.178923,0,1,False,True,False,False
713,1.193224,0,1,False,True,False,False
714,1.189844,0,1,False,True,False,False
715,1.092141,0,1,False,True,False,False
716,1.093572,0,1,False,True,False,False
717,1.221054,1,1,True,False,False,False
718,1.214466,0,1,False,True,False,False
719,1.216266,0,1,False,True,False,False
720,1.224779,0,1,False,True,False,False
721,1.22732,0,1,False,True,False,False
722,1.228353,0,1,False,True,False,False
723,1.237277,0,1,False,True,False,False
724,1.246789,0,1,False,True,False,False
725,1.195351,0,1,False,True,False,False
726,1.209546,0,1,False,True,False,False
727,1.21645,0,1,False,True,False,False
728,1.221945,0,1,False,True,False,False
729,1.22699,0,1,False,True,False,False
730,1.229157,0,1,False,True,False,False
731,1.216354,0,1,False,True,False,False
732,1.212073,0,1,False,True,False,False
733,1.210495,0,1,False,True,False,False
734,1.083386,0,1,False,True,False,False
735,1.095501,0,1,False,True,False,False
736,0.933986,0,1,False,True,False,False
737,0.808077,0,0,False,False,False,True
738,0.800518,0,0,False,False,False,True
739,0.789613,0,0,False,False,False,True
740,0.789012,0,0,False,False,False,True
741,0.809473,0,0,False,False,False,True
742,0.801785,0,0,False,False,False,True
743,0.805415,0,0,False,False,False,True
744,0.952668,1,1,True,False,False,False
745,1.054274,1,1,True,False,False,False
746,1.035996,0,1,False,True,False,False
747,1.076824,1,1,True,False,False,False
748,1.066282,0,1,False,True,False,False
749,1.077498,0,1,False,True,False,False
750,1.072975,0,1,False,True,False,False
751,1.069832,0,1,False,True,False,False
752,1.06022,0,1,False,True,False,False
753,1.066611,0,1,False,True,False,False
754,1.072554,0,1,False,True,False,False
755,1.057678,0,1,False,True,False,False
756,1.053543,0,1,False,True,False,False
757,0.913474,0,1,False,True,False,False
758,0.891476,0,0,False,False,False,True
759,0.899185,0,0,False,False,False,True
760,0.892686,0,0,False,False,False,True
761,0.899196,0,0,False,False,False,True
762,1.049404,1,1,True,False,False,False
763,1.056999,0,1,False,True,False,False
764,1.058184,0,1,False,True,False,False
765,1.066559,0,1,False,True,False,False
766,1.055373,0,1,False,True,False,False
767,1.048599,0,1,False,True,False,False
768,1.046849,0,1,False,True,False,False
769,1.040689,0,1,False,True,False,False
770,1.046031,0,1,False,True,False,False
771,1.032414,0,1,False,True,False,False
772,1.067581,0,1,False,True,False,False
773,1.068857,0,1,False,True,False,False
774,1.075797,0,1,False,True,False,False
775,1.062978,0,1,False,True,False,False
776,1.050604,0,1,False,True,False,False
777,1.042046,0,1,False,True,False,False
778,1.052374,0,1,False,True,False,False
779,1.058463,0,1,False,True,False,False
780,1.05685,0,1,False,True,False,False
781,1.1318,1,1,True,False,False,False
782,1.120554,0,1,False,True,False,False
783,1.110118,0,1,False,True,False,False
784,0.977013,0,1,False,True,False,False
785,0.857841,0,0,False,False,False,True
786,0.867586,0,0,False,False,False,True
787,0.821428,0,0,False,False,False,True
788,0.824164,0,0,False,False,False,True
789,0.803649,0,0,False,False,False,True
790,0.814935,0,0,False,False,False,True
791,0.81799,0,0,False,False,False,True
792,0.865061,1,0,False,False,True,False
793,0.845811,0,0,False,False,False,True
794,0.851283,0,0,False,False,False,True
795,0.855846,0,0,False,False,False,True
796,0.859422,0,0,False,False,False,True
797,0.863883,0,0,False,False,False,True
798,0.88193,0,0,False,False,False,True
799,0.881416,0,0,False,False,False,True
800,1.043143,1,1,True,False,False,False
801,1.030006,0,1,False,True,False,False
802,0.876561,0,0,False,False,False,True
803,0.877504,0,0,False,False,False,True
804,0.996825,1,1,True,False,False,False
805,1.000028,0,1,False,True,False,False
806,0.994257,0,1,False,True,False,False
807,0.98962,0,1,False,True,False,False
808,0.995382,0,1,False,True,False,False
809,0.991839,0,1,False,True,False,False
810,0.981845,0,1,False,True,False,False
811,0.992203,0,1,False,True,False,False
812,0.961359,0,1,False,True,False,False
813,0.959701,0,1,False,True,False,False
814,0.943023,0,1,False,True,False,False
815,1.076819,1,1,True,False,False,False
816,1.077856,0,1,False,True,False,False
817,1.067565,0,1,False,True,False,False
818,1.056308,0,1,False,True,False,False
819,1.055862,0,1,False,True,False,False
820,1.06471,0,1,False,True,False,False
821,0.973128,0,1,False,True,False,False
822,0.983577,0,1,False,True,False,False
823,1.001554,0,1,False,True,False,False
824,1.009984,0,1,False,True,False,False
825,1.010485,0,1,False,True,False,False
826,1.002888,0,1,False,True,False,False
827,1.002074,0,1,False,True,False,False
828,1.004174,0,1,False,True,False,False
829,1.02069,0,1,False,True,False,False
830,1.026432,0,1,False,True,False,False
831,1.045437,0,1,False,True,False,False
832,1.007637,0,1,False,True,False,False
833,1.010587,0,1,False,True,False,False
834,1.007196,0,1,False,True,False,False
835,1.010791,0,1,False,True,False,False
836,1.009204,0,1,False,True,False,False
837,0.993265,0,1,False,True,False,False
838,0.993049,0,1,False,True,False,False
839,0.981278,0,1,False,True,False,False
840,0.834731,0,0,False,False,False,True
841,0.834892,0,0,False,False,False,True
842,0.837623,0,0,False,False,False,True
843,0.827273,0,0,False,False,False,True
844,0.70134,0,0,False,False,False,True
845,0.690881,0,0,False,False,False,True
846,0.729639,1,0,False,False,True,False
847,0.75362,0,0,False,False,False,True
848,0.749323,0,0,False,False,False,True
849,0.748509,0,0,False,False,False,True
850,0.756712,0,0,False,False,False,True
851,0.768498,1,0,False,False,True,False
852,0.77683,0,0,False,False,False,True
853,0.878987,1,0,False,False,True,False
854,0.891504,0,0,False,False,False,True
855,0.732211,0,0,False,False,False,True
856,0.728574,0,0,False,False,False,True
857,0.736913,0,0,False,False,False,True
858,0.734695,0,0,False,False,False,True
859,0.738523,0,0,False,False,False,True
860,0.731496,0,0,False,False,False,True
861,0.732255,0,0,False,False,False,True
862,0.742191,0,0,False,False,False,True
863,0.726319,0,0,False,False,False,True
864,0.722257,0,0,False,False,False,True
865,0.718353,0,0,False,False,False,True
866,0.72254,0,0,False,False,False,True
867,0.730978,0,0,False,False,False,True
868,0.723122,0,0,False,False,False,True
869,0.711142,0,0,False,False,False,True
870,0.699432,0,0,False,False,False,True
871,0.68309,0,0,False,False,False,True
872,0.689476,0,0,False,False,False,True
873,0.693156,0,0,False,False,False,True
874,0.696535,0,0,False,False,False,True
875,0.686407,0,0,False,False,False,True
876,0.738366,1,0,False,False,True,False
877,0.753003,0,0,False,False,False,True
878,0.746534,0,0,False,False,False,True
879,0.759514,0,0,False,False,False,True
880,0.751433,0,0,False,False,False,True
881,0.761947,0,0,False,False,False,True
882,0.754115,0,0,False,False,False,True
883,0.758362,0,0,False,False,False,True
884,0.748557,0,0,False,False,False,True
885,0.743682,0,0,False,False,False,True
886,0.704298,0,0,False,False,False,True
887,0.690018,0,0,False,False,False,True
888,0.690976,0,0,False,False,False,True
889,0.702396,0,0,False,False,False,True
890,0.707939,0,0,False,False,False,True
891,0.694873,0,0,False,False,False,True
892,0.701299,0,0,False,False,False,True
893,0.601225,0,0,False,False,False,True
894,0.598158,0,0,False,False,False,True
895,0.616788,0,0,False,False,False,True
896,0.637593,0,0,False,False,False,True
897,0.629221,0,0,False,False,False,True
898,0.627643,0,0,False,False,False,True
899,0.630241,0,0,False,False,False,True
900,0.631602,0,0,False,False,False,True
901,0.633997,0,0,False,False,False,True
902,0.622877,0,0,False,False,False,True
903,0.626118,0,0,False,False,False,True
904,0.615728,0,0,False,False,False,True
905,0.615293,0,0,False,False,False,True
906,0.609819,0,0,False,False,False,True
907,0.609386,0,0,False,False,False,True
908,0.619903,0,0,False,False,False,True
909,0.615775,0,0,False,False,False,True
910,0.607997,0,0,False,False,False,True
911,0.609477,0,0,False,False,False,True
912,0.589222,0,0,False,False,False,True
913,0.59687,0,0,False,False,False,True
914,0.601117,0,0,False,False,False,True
915,0.604768,0,0,False,False,False,True
916,0.552967,0,0,False,False,False,True
917,0.531225,0,0,False,False,False,True
918,0.522452,0,0,False,False,False,True
919,0.51372,0,0,False,False,False,True
920,0.506931,0,0,False,False,False,True
921,0.497161,0,0,False,False,False,True
922,0.515846,0,0,False,False,False,True
923,0.505337,0,0,False,False,False,True
924,0.522095,0,0,False,False,False,True
925,0.540057,0,0,False,False,False,True
926,0.544653,0,0,False,False,False,True
927,0.537342,0,0,False,False,False,True
928,0.541654,0,0,False,False,False,True
929,0.547287,0,0,False,False,False,True
930,0.551224,0,0,False,False,False,True
931,0.548905,0,0,False,False,False,True
932,0.550018,0,0,False,False,False,True
933,0.556787,0,0,False,False,False,True
934,0.562304,0,0,False,False,False,True
935,0.541362,0,0,False,False,False,True
936,0.53582,0,0,False,False,False,True
937,0.54138,0,0,False,False,False,True
938,0.554196,0,0,False,False,False,True
939,0.608155,1,0,False,False,True,False
940,0.607597,0,0,False,False,False,True
941,0.606574,0,0,False,False,False,True
942,0.612205,0,0,False,False,False,True
943,0.604804,0,0,False,False,False,True
944,0.615844,0,0,False,False,False,True
945,0.620472,0,0,False,False,False,True
946,0.65515,0,0,False,False,False,True
947,0.645589,0,0,False,False,False,True
948,0.650333,0,0,False,False,False,True
949,0.658396,0,0,False,False,False,True
950,0.659167,0,0,False,False,False,True
951,0.657337,0,0,False,False,False,True
952,0.665045,0,0,False,False,False,True
953,0.644478,0,0,False,False,False,True
954,0.640334,0,0,False,False,False,True
955,0.64581,0,0,False,False,False,True
956,0.645396,0,0,False,False,False,True
957,0.657199,0,0,False,False,False,True
958,0.673173,0,0,False,False,False,True
959,0.670754,0,0,False,False,False,True
960,0.68162,0,0,False,False,False,True
961,0.680847,0,0,False,False,False,True
962,0.671073,0,0,False,False,False,True
963,0.672218,0,0,False,False,False,True
964,0.657571,0,0,False,False,False,True
965,0.649148,0,0,False,False,False,True
966,0.638132,0,0,False,False,False,True
967,0.679252,0,0,False,False,False,True
968,0.680854,0,0,False,False,False,True
969,0.672241,0,0,False,False,False,True
970,0.670968,0,0,False,False,False,True
971,0.678233,0,0,False,False,False,True
972,0.660819,0,0,False,False,False,True
973,0.66206,0,0,False,False,False,True
974,0.657182,0,0,False,False,False,True
975,0.695129,1,0,False,False,True,False
976,0.688375,0,0,False,False,False,True
977,0.706018,0,0,False,False,False,True
978,0.703922,0,0,False,False,False,True
979,0.64747,0,0,False,False,False,True
980,0.64233,0,0,False,False,False,True
981,0.655185,0,0,False,False,False,True
982,0.667293,0,0,False,False,False,True
983,0.668242,0,0,False,False,False,True
984,0.668493,0,0,False,False,False,True
985,0.657488,0,0,False,False,False,True
986,0.642731,0,0,False,False,False,True
987,0.642812,0,0,False,False,False,True
988,0.632825,0,0,False,False,False,True
989,0.625574,0,0,False,False,False,True
990,0.633094,0,0,False,False,False,True
991,0.626768,0,0,False,False,False,True
992,0.624183,0,0,False,False,False,True
993,0.625873,0,0,False,False,False,True
994,0.628176,0,0,False,False,False,True
995,0.6308,0,0,False,False,False,True
996,0.634245,0,0,False,False,False,True
997,0.630105,0,0,False,False,False,True
998,0.623182,0,0,False,False,False,True
999,0.622753,0,0,False,False,False,True
1000,0.633693,0,0,False,False,False,True
1001,0.634681,0,0,False,False,False,True
1002,0.63846,0,0,False,False,False,True
1003,0.648773,0,0,False,False,False,True
1004,0.666464,0,0,False,False,False,True
1005,0.655762,0,0,False,False,False,True
1006,0.667068,0,0,False,False,False,True
1007,0.632549,0,0,False,False,False,True
1008,0.629009,0,0,False,False,False,True
1009,0.639519,0,0,False,False,False,True
1010,0.635682,0,0,False,False,False,True
1011,0.625755,0,0,False,False,False,True
1012,0.628584,0,0,False,False,False,True
1013,0.631604,0,0,False,False,False,True
1014,0.628506,0,0,False,False,False,True
1015,0.589069,0,0,False,False,False,True
1016,0.587035,0,0,False,False,False,True
1017,0.573754,0,0,False,False,False,True
1018,0.568083,0,0,False,False,False,True
1019,0.573156,0,0,False,False,False,True
1020,0.578492,0,0,False,False,False,True
1021,0.581657,0,0,False,False,False,True
1022,0.567693,0,0,False,False,False,True
1023,0.561727,0,0,False,False,False,True
1024,0.552331,0,0,False,False,False,True
1025,0.56097,0,0,False,False,False,True
1026,0.545421,0,0,False,False,False,True
1027,0.553243,0,0,False,False,False,True
1028,0.555038,0,0,False,False,False,True
1029,0.556914,0,0,False,False,False,True
1030,0.546636,0,0,False,False,False,True
1031,0.554389,0,0,False,False,False,True
1032,0.568131,0,0,False,False,False,True
1033,0.578457,0,0,False,False,False,True
1034,0.597164,0,0,False,False,False,True
1035,0.593844,0,0,False,False,False,True
1036,0.619303,0,0,False,False,False,True
1037,0.616078,0,0,False,False,False,True
1038,0.62328,0,0,False,False,False,True
1039,0.618389,0,0,False,False,False,True
1040,0.61658,0,0,False,False,False,True
1041,0.617153,0,0,False,False,False,True
1042,0.608333,0,0,False,False,False,True
1043,0.618762,0,0,False,False,False,True
1044,0.622329,0,0,False,False,False,True
1045,0.626336,0,0,False,False,False,True
1046,0.623831,0,0,False,False,False,True
1047,0.639594,0,0,False,False,False,True
1048,0.812069,1,0,False,False,True,False
1049,0.803955,0,0,False,False,False,True
1050,0.819214,0,0,False,False,False,True
1051,0.822658,0,0,False,False,False,True
1052,0.914394,1,1,True,False,False,False
1053,0.900212,0,0,False,False,False,True
1054,0.8955,0,0,False,False,False,True
1055,0.990067,1,1,True,False,False,False
1056,0.996776,0,1,False,True,False,False
1057,1.091159,1,1,True,False,False,False
1058,1.088555,0,1,False,True,False,False
1059,1.099263,0,1,False,True,False,False
1060,1.088716,0,1,False,True,False,False
1061,1.104567,0,1,False,True,False,False
1062,1.105131,0,1,False,True,False,False
1063,1.137165,0,1,False,True,False,False
1064,1.150487,0,1,False,True,False,False
1065,1.182647,0,1,False,True,False,False
1066,1.179919,0,1,False,True,False,False
1067,1.244503,1,1,True,False,False,False
1068,1.253528,0,1,False,True,False,False
1069,1.260511,0,1,False,True,False,False
1070,1.277773,0,1,False,True,False,False
1071,1.284898,0,1,False,True,False,False
1072,1.280867,0,1,False,True,False,False
1073,1.282161,0,1,False,True,False,False
1074,1.264973,0,1,False,True,False,False
1075,1.275987,0,1,False,True,False,False
1076,1.259643,0,1,False,True,False,False
1077,1.266604,0,1,False,True,False,False
1078,1.263405,0,1,False,True,False,False
1079,1.275757,0,1,False,True,False,False
1080,1.273031,0,1,False,True,False,False
1081,1.277675,0,1,False,True,False,False
1082,1.284768,0,1,False,True,False,False
1083,1.401959,1,1,True,False,False,False
1084,1.387451,0,1,False,True,False,False
1085,1.423453,0,1,False,True,False,False
1086,1.422199,0,1,False,True,False,False
1087,1.408725,0,1,False,True,False,False
1088,1.242941,0,1,False,True,False,False
1089,1.237052,0,1,False,True,False,False
1090,1.221439,0,1,False,True,False,False
1091,1.219879,0,1,False,True,False,False
1092,1.121588,0,1,False,True,False,False
1093,1.127091,0,1,False,True,False,False
1094,1.128535,0,1,False,True,False,False
1095,1.016404,0,1,False,True,False,False
1096,1.00883,0,1,False,True,False,False
1097,0.877948,0,0,False,False,False,True
1098,0.878552,0,0,False,False,False,True
1099,0.861676,0,0,False,False,False,True
1100,0.875238,0,0,False,False,False,True
1101,0.866352,0,0,False,False,False,True
1102,0.861332,0,0,False,False,False,True
1103,0.843184,0,0,False,False,False,True
1104,0.987308,1,1,True,False,False,False
1105,0.974932,0,1,False,True,False,False
1106,0.975691,0,1,False,True,False,False
1107,0.880729,0,0,False,False,False,True
1108,1.026078,1,1,True,False,False,False
1109,1.033199,0,1,False,True,False,False
1110,1.035139,0,1,False,True,False,False
1111,1.053877,0,1,False,True,False,False
1112,1.070284,0,1,False,True,False,False
1113,1.067072,0,1,False,True,False,False
1114,1.055107,0,1,False,True,False,False
1115,1.049567,0,1,False,True,False,False
1116,1.065052,0,1,False,True,False,False
1117,1.067988,0,1,False,True,False,False
1118,1.050166,0,1,False,True,False,False
1119,1.047035,0,1,False,True,False,False
1120,1.049335,0,1,False,True,False,False
1121,1.041154,0,1,False,True,False,False
1122,1.040632,0,1,False,True,False,False
1123,0.906114,0,1,False,True,False,False
1124,1.018426,1,1,True,False,False,False
1125,0.98599,0,1,False,True,False,False
1126,0.992615,0,1,False,True,False,False
1127,0.99542,0,1,False,True,False,False
1128,1.004998,0,1,False,True,False,False
1129,1.003606,0,1,False,True,False,False
1130,1.024563,0,1,False,True,False,False
1131,1.0327,0,1,False,True,False,False
1132,1.029111,0,1,False,True,False,False
1133,1.026427,0,1,False,True,False,False
1134,1.0336,0,1,False,True,False,False
1135,1.031638,0,1,False,True,False,False
1136,1.037727,0,1,False,True,False,False
1137,1.050593,0,1,False,True,False,False
1138,1.06384,0,1,False,True,False,False
1139,1.071971,0,1,False,True,False,False
1140,1.0853,0,1,False,True,False,False
1141,1.085399,0,1,False,True,False,False
1142,1.10709,0,1,False,True,False,False
1143,1.109425,0,1,False,True,False,False
1144,0.967004,0,1,False,True,False,False
1145,0.959885,0,1,False,True,False,False
1146,0.962651,0,1,False,True,False,False
1147,0.969701,0,1,False,True,False,False
1148,0.826306,0,0,False,False,False,True
1149,0.823002,0,0,False,False,False,True
1150,0.823497,0,0,False,False,False,True
1151,0.801707,0,0,False,False,False,True
1152,0.781938,0,0,False,False,False,True
1153,0.778775,0,0,False,False,False,True
1154,0.78051,0,0,False,False,False,True
1155,0.791504,0,0,False,False,False,True
1156,0.776437,0,0,False,False,False,True
1157,0.783969,0,0,False,False,False,True
1158,0.789844,0,0,False,False,False,True
1159,0.787334,0,0,False,False,False,True
1160,0.770622,0,0,False,False,False,True
1161,0.773545,0,0,False,False,False,True
1162,0.765489,0,0,False,False,False,True
1163,0.764298,0,0,False,False,False,True
1164,0.646498,0,0,False,False,False,True
1165,0.63923,0,0,False,False,False,True
1166,0.668273,0,0,False,False,False,True
1167,0.676488,0,0,False,False,False,True
1168,0.674446,0,0,False,False,False,True
1169,0.676738,0,0,False,False,False,True
1170,0.653779,0,0,False,False,False,True
1171,0.637487,0,0,False,False,False,True
1172,0.63984,0,0,False,False,False,True
1173,0.648798,0,0,False,False,False,True
1174,0.670524,0,0,False,False,False,True
1175,0.676459,0,0,False,False,False,True
1176,0.670613,0,0,False,False,False,True
1177,0.76392,1,0,False,False,True,False
1178,0.774859,0,0,False,False,False,True
1179,0.763545,0,0,False,False,False,True
1180,0.741456,0,0,False,False,False,True
1181,0.729756,0,0,False,False,False,True
1182,0.710071,0,0,False,False,False,True
1183,0.731624,0,0,False,False,False,True
1184,0.73532,0,0,False,False,False,True
1185,0.752035,0,0,False,False,False,True
1186,0.758486,0,0,False,False,False,True
1187,0.761006,0,0,False,False,False,True
1188,0.745095,0,0,False,False,False,True
1189,0.755699,0,0,False,False,False,True
1190,0.742664,0,0,False,False,False,True
1191,0.745884,0,0,False,False,False,True
1192,0.810529,1,0,False,False,True,False
1193,0.813477,0,0,False,False,False,True
1194,0.8198,0,0,False,False,False,True
1195,0.808534,0,0,False,False,False,True
1196,0.811345,0,0,False,False,False,True
1197,0.791035,0,0,False,False,False,True
1198,0.793552,0,0,False,False,False,True
1199,0.806369,0,0,False,False,False,True
1200,0.817627,0,0,False,False,False,True
1201,0.810606,0,0,False,False,False,True
1202,0.829081,0,0,False,False,False,True
1203,0.834782,0,0,False,False,False,True
1204,0.826261,0,0,False,False,False,True
1205,0.833999,0,0,False,False,False,True
1206,0.817359,0,0,False,False,False,True
1207,0.814293,0,0,False,False,False,True
1208,0.823485,1,0,False,False,True,False
1209,0.830416,0,0,False,False,False,True
1210,0.831487,0,0,False,False,False,True
1211,0.831714,0,0,False,False,False,True
1212,0.840927,0,0,False,False,False,True
1213,0.836041,0,0,False,False,False,True
1214,0.837196,0,0,False,False,False,True
1215,0.84745,0,0,False,False,False,True
1216,0.859861,0,0,False,False,False,True
1217,0.75275,0,0,False,False,False,True
1218,0.747286,0,0,False,False,False,True
1219,0.879464,1,0,False,False,True,False
1220,0.969218,1,1,True,False,False,False
1221,0.960461,0,1,False,True,False,False
1222,0.962038,0,1,False,True,False,False
1223,0.95512,0,1,False,True,False,False
1224,0.949771,0,1,False,True,False,False
1225,0.93351,0,1,False,True,False,False
1226,0.916115,0,1,False,True,False,False
1227,0.905306,0,1,False,True,False,False
1228,0.912112,0,1,False,True,False,False
1229,0.915409,0,1,False,True,False,False
1230,0.927774,0,1,False,True,False,False
1231,0.937039,0,1,False,True,False,False
1232,0.879585,0,0,False,False,False,True
1233,0.886143,0,0,False,False,False,True
1234,0.88854,0,0,False,False,False,True
1235,0.87351,0,0,False,False,False,True
1236,0.862127,0,0,False,False,False,True
1237,0.880981,0,0,False,False,False,True
1238,0.880644,0,0,False,False,False,True
1239,0.870807,0,0,False,False,False,True
1240,0.864622,0,0,False,False,False,True
1241,0.890609,0,0,False,False,False,True
1242,0.883022,0,0,False,False,False,True
1243,0.876846,0,0,False,False,False,True
1244,0.881662,0,0,False,False,False,True
1245,0.875541,0,0,False,False,False,True
1246,0.863463,0,0,False,False,False,True
1247,0.865014,0,0,False,False,False,True
1248,0.842885,0,0,False,False,False,True
1249,0.835716,0,0,False,False,False,True
1250,0.840345,0,0,False,False,False,True
1251,0.840447,0,0,False,False,False,True
1252,0.827982,0,0,False,False,False,True
1253,0.825626,0,0,False,False,False,True
1254,0.812218,0,0,False,False,False,True
1255,0.794571,0,0,False,False,False,True
1256,0.803052,0,0,False,False,False,True
1257,0.804501,0,0,False,False,False,True
1258,0.792936,0,0,False,False,False,True
1259,0.681913,0,0,False,False,False,True
1260,0.605893,0,0,False,False,False,True
1261,0.622971,0,0,False,False,False,True
1262,0.776638,1,0,False,False,True,False
1263,0.759515,0,0,False,False,False,True
1264,0.754808,0,0,False,False,False,True
1265,0.757888,0,0,False,False,False,True
1266,0.759346,0,0,False,False,False,True
1267,0.774959,0,0,False,False,False,True
1268,0.764019,0,0,False,False,False,True
1269,0.76261,0,0,False,False,False,True
1270,0.919377,1,1,True,False,False,False
1271,0.918196,1,1,True,False,False,False
1272,0.925596,0,1,False,True,False,False
1273,0.960621,0,1,False,True,False,False
1274,0.98005,0,1,False,True,False,False
1275,0.987477,0,1,False,True,False,False
1276,0.982918,0,1,False,True,False,False
1277,0.974378,0,1,False,True,False,False
1278,0.994266,0,1,False,True,False,False
1279,0.994592,0,1,False,True,False,False
1280,0.999611,0,1,False,True,False,False
1281,0.978263,0,1,False,True,False,False
1282,0.98379,0,1,False,True,False,False
1283,0.980735,0,1,False,True,False,False
1284,0.975045,0,1,False,True,False,False
1285,1.066844,1,1,True,False,False,False
1286,1.068982,0,1,False,True,False,False
1287,1.06077,0,1,False,True,False,False
1288,1.07091,0,1,False,True,False,False
1289,1.096132,0,1,False,True,False,False
1290,1.095215,0,1,False,True,False,False
1291,1.100012,0,1,False,True,False,False
1292,1.100383,0,1,False,True,False,False
1293,1.091504,0,1,False,True,False,False
1294,1.081332,0,1,False,True,False,False
1295,1.098357,0,1,False,True,False,False
1296,1.115988,1,1,True,False,False,False
1297,1.127368,0,1,False,True,False,False
1298,1.130656,0,1,False,True,False,False
1299,1.118475,0,1,False,True,False,False
1300,1.092722,0,1,False,True,False,False
1301,1.079225,0,1,False,True,False,False
1302,0.936478,0,1,False,True,False,False
1303,0.942631,0,1,False,True,False,False
1304,0.958621,0,1,False,True,False,False
1305,0.959695,0,1,False,True,False,False
1306,0.976068,1,1,True,False,False,False
1307,0.972459,0,1,False,True,False,False
1308,0.986109,0,1,False,True,False,False
1309,0.979167,0,1,False,True,False,False
1310,0.813187,0,0,False,False,False,True
1311,0.80261,0,0,False,False,False,True
1312,0.804099,0,0,False,False,False,True
1313,0.806523,0,0,False,False,False,True
1314,0.785708,0,0,False,False,False,True
1315,0.773163,0,0,False,False,False,True
1316,0.777881,0,0,False,False,False,True
1317,0.771548,0,0,False,False,False,True
1318,0.74722,0,0,False,False,False,True
1319,0.739345,0,0,False,False,False,True
1320,0.739341,0,0,False,False,False,True
1321,0.742672,0,0,False,False,False,True
1322,0.73827,0,0,False,False,False,True
1323,0.761468,0,0,False,False,False,True
1324,0.77757,0,0,False,False,False,True
1325,0.697638,1,0,False,False,True,False
1326,0.709278,1,0,False,False,True,False
1327,0.722016,0,0,False,False,False,True
1328,0.712897,0,0,False,False,False,True
1329,0.835911,1,0,False,False,True,False
1330,0.843026,0,0,False,False,False,True
1331,0.855163,0,0,False,False,False,True
1332,0.854157,0,0,False,False,False,True
1333,0.873289,0,0,False,False,False,True
1334,0.884073,0,0,False,False,False,True
1335,0.87666,0,0,False,False,False,True
1336,0.882611,0,0,False,False,False,True
1337,0.871412,0,0,False,False,False,True
1338,0.876288,0,0,False,False,False,True
1339,0.868139,0,0,False,False,False,True
1340,0.885887,0,0,False,False,False,True
1341,0.892549,0,0,False,False,False,True
1342,0.893115,0,0,False,False,False,True
1343,0.901859,0,0,False,False,False,True
1344,0.894028,0,0,False,False,False,True
1345,0.898563,0,0,False,False,False,True
1346,0.895422,0,0,False,False,False,True
1347,0.886845,0,0,False,False,False,True
1348,0.889361,0,0,False,False,False,True
1349,0.891281,0,0,False,False,False,True
1350,0.891285,0,0,False,False,False,True
1351,0.895632,0,0,False,False,False,True
1352,0.88256,0,0,False,False,False,True
1353,0.978597,1,1,True,False,False,False
1354,0.979617,0,1,False,True,False,False
1355,0.982218,0,1,False,True,False,False
1356,0.996479,0,1,False,True,False,False
1357,0.996414,0,1,False,True,False,False
1358,0.998616,0,1,False,True,False,False
1359,1.014078,0,1,False,True,False,False
1360,1.003886,0,1,False,True,False,False
1361,1.005367,0,1,False,True,False,False
1362,1.006291,0,1,False,True,False,False
1363,1.004094,0,1,False,True,False,False
1364,0.999231,0,1,False,True,False,False
1365,0.98013,0,1,False,True,False,False
1366,0.96728,0,1,False,True,False,False
1367,0.952804,0,1,False,True,False,False
1368,0.947219,0,1,False,True,False,False
1369,0.820278,0,0,False,False,False,True
1370,0.814063,0,0,False,False,False,True
1371,0.794039,0,0,False,False,False,True
1372,0.787985,0,0,False,False,False,True
1373,0.789038,0,0,False,False,False,True
1374,0.783572,0,0,False,False,False,True
1375,0.777345,0,0,False,False,False,True
1376,0.755005,0,0,False,False,False,True
1377,0.755058,0,0,False,False,False,True
1378,0.761543,0,0,False,False,False,True
1379,0.764685,0,0,False,False,False,True
1380,0.754208,0,0,False,False,False,True
1381,0.756994,0,0,False,False,False,True
1382,0.759883,0,0,False,False,False,True
1383,0.746961,0,0,False,False,False,True
1384,0.739429,0,0,False,False,False,True
1385,0.737162,0,0,False,False,False,True
1386,0.733753,0,0,False,False,False,True
1387,0.733737,0,0,False,False,False,True
1388,0.728715,0,0,False,False,False,True
1389,0.717579,0,0,False,False,False,True
1390,0.838509,1,0,False,False,True,False
1391,0.842005,0,0,False,False,False,True
1392,0.861595,0,0,False,False,False,True
1393,0.741186,0,0,False,False,False,True
1394,0.736546,0,0,False,False,False,True
1395,0.745584,0,0,False,False,False,True
1396,0.72464,0,0,False,False,False,True
1397,0.728333,0,0,False,False,False,True
1398,0.728055,0,0,False,False,False,True
1399,0.722218,0,0,False,False,False,True
1400,0.738975,0,0,False,False,False,True
1401,0.740829,0,0,False,False,False,True
1402,0.744783,0,0,False,False,False,True
1403,0.735655,0,0,False,False,False,True
1404,0.720689,0,0,False,False,False,True
1405,0.720447,0,0,False,False,False,True
1406,0.712767,0,0,False,False,False,True
1407,0.708672,0,0,False,False,False,True
1408,0.846989,1,0,False,False,True,False
1409,0.832223,0,0,False,False,False,True
1410,0.824894,0,0,False,False,False,True
1411,0.835125,0,0,False,False,False,True
1412,0.850857,0,0,False,False,False,True
1413,0.843999,0,0,False,False,False,True
1414,0.973888,1,1,True,False,False,False
1415,0.973428,0,1,False,True,False,False
1416,0.986869,0,1,False,True,False,False
1417,1.000137,0,1,False,True,False,False
1418,0.983812,0,1,False,True,False,False
1419,1.006443,0,1,False,True,False,False
1420,1.017538,0,1,False,True,False,False
1421,1.022183,0,1,False,True,False,False
1422,1.030435,0,1,False,True,False,False
1423,1.04412,0,1,False,True,False,False
1424,1.05121,0,1,False,True,False,False
1425,1.038219,0,1,False,True,False,False
1426,1.042427,0,1,False,True,False,False
1427,1.04998,0,1,False,True,False,False
1428,1.045254,0,1,False,True,False,False
1429,1.055116,0,1,False,True,False,False
1430,0.938255,0,1,False,True,False,False
1431,0.923404,0,1,False,True,False,False
1432,0.906712,0,1,False,True,False,False
1433,0.904334,0,1,False,True,False,False
1434,0.909363,0,1,False,True,False,False
1435,0.905646,0,1,False,True,False,False
1436,0.90586,0,1,False,True,False,False
1437,0.911794,0,1,False,True,False,False
1438,0.910692,0,1,False,True,False,False
1439,0.901199,0,0,False,False,False,True
1440,0.885826,0,0,False,False,False,True
1441,1.049967,1,1,True,False,False,False
1442,1.034921,0,1,False,True,False,False
1443,1.026095,0,1,False,True,False,False
1444,1.029513,0,1,False,True,False,False
1445,1.028407,0,1,False,True,False,False
1446,1.036488,0,1,False,True,False,False
1447,1.030701,0,1,False,True,False,False
1448,1.038513,1,1,True,False,False,False
1449,1.037984,0,1,False,True,False,False
1450,1.038097,0,1,False,True,False,False
1451,1.023383,0,1,False,True,False,False
1452,1.014647,0,1,False,True,False,False
1453,1.00444,0,1,False,True,False,False
1454,0.875574,0,0,False,False,False,True
1455,0.880397,0,0,False,False,False,True
1456,1.002743,1,1,True,False,False,False
1457,0.995625,0,1,False,True,False,False
1458,1.012277,0,1,False,True,False,False
1459,0.998335,0,1,False,True,False,False
1460,0.992627,0,1,False,True,False,False
1461,0.998108,0,1,False,True,False,False
1462,0.995026,0,1,False,True,False,False
1463,0.995889,0,1,False,True,False,False
1464,0.988947,0,1,False,True,False,False
1465,1.005092,0,1,False,True,False,False
1466,0.991953,0,1,False,True,False,False
1467,0.986991,0,1,False,True,False,False
1468,0.986251,0,1,False,True,False,False
1469,0.970438,0,1,False,True,False,False
1470,0.974942,0,1,False,True,False,False
1471,0.977891,0,1,False,True,False,False
1472,1.10981,1,1,True,False,False,False
1473,1.123848,0,1,False,True,False,False
1474,1.233952,1,1,True,False,False,False
1475,1.281891,1,1,True,False,False,False
1476,1.286651,0,1,False,True,False,False
1477,1.275399,0,1,False,True,False,False
1478,1.274431,0,1,False,True,False,False
1479,1.290739,0,1,False,True,False,False
1480,1.302144,0,1,False,True,False,False
1481,1.147489,0,1,False,True,False,False
1482,1.15363,0,1,False,True,False,False
1483,1.164204,0,1,False,True,False,False
1484,1.164673,0,1,False,True,False,False
1485,1.173416,0,1,False,True,False,False
1486,1.164161,0,1,False,True,False,False
1487,1.172729,0,1,False,True,False,False
1488,1.040307,0,1,False,True,False,False
1489,1.061933,0,1,False,True,False,False
1490,1.065566,0,1,False,True,False,False
1491,1.07067,0,1,False,True,False,False
1492,1.07422,0,1,False,True,False,False
1493,1.104393,0,1,False,True,False,False
1494,1.092147,0,1,False,True,False,False
1495,1.089811,0,1,False,True,False,False
1496,0.923957,0,1,False,True,False,False
1497,0.933271,0,1,False,True,False,False
1498,0.93104,0,1,False,True,False,False
1499,0.943186,0,1,False,True,False,False
1500,0.934103,0,1,False,True,False,False
1501,0.924459,0,1,False,True,False,False
1502,0.924355,0,1,False,True,False,False
1503,0.914402,0,1,False,True,False,False
1504,0.911088,0,1,False,True,False,False
1505,0.913579,0,1,False,True,False,False
1506,0.913016,0,1,False,True,False,False
1507,0.925097,0,1,False,True,False,False
1508,0.923262,0,1,False,True,False,False
1509,0.924376,0,1,False,True,False,False
1510,0.922648,0,1,False,True,False,False
1511,0.969003,1,1,True,False,False,False
1512,0.825749,0,0,False,False,False,True
1513,0.811986,0,0,False,False,False,True
1514,0.807894,1,0,False,False,True,False
1515,0.755563,0,0,False,False,False,True
1516,0.767533,0,0,False,False,False,True
1517,0.771183,0,0,False,False,False,True
1518,0.774845,0,0,False,False,False,True
1519,0.864191,1,0,False,False,True,False
1520,0.865935,0,0,False,False,False,True
1521,0.907212,1,1,True,False,False,False
1522,0.905567,0,1,False,True,False,False
1523,0.895599,0,0,False,False,False,True
1524,0.892744,0,0,False,False,False,True
1525,0.913744,0,1,False,True,False,False
1526,0.912205,0,1,False,True,False,False
1527,0.922092,0,1,False,True,False,False
1528,0.906187,0,1,False,True,False,False
1529,0.887486,0,0,False,False,False,True
1530,0.879518,0,0,False,False,False,True
1531,0.87953,0,0,False,False,False,True
1532,0.874806,0,0,False,False,False,True
1533,0.878058,1,0,False,False,True,False
1534,0.87453,0,0,False,False,False,True
1535,0.884398,0,0,False,False,False,True
1536,0.882159,0,0,False,False,False,True
1537,0.885551,0,0,False,False,False,True
1538,0.877007,0,0,False,False,False,True
1539,0.861431,0,0,False,False,False,True
1540,0.858723,0,0,False,False,False,True
1541,0.854894,0,0,False,False,False,True
1542,0.856176,0,0,False,False,False,True
1543,0.862789,0,0,False,False,False,True
1544,0.868269,0,0,False,False,False,True
1545,0.856121,0,0,False,False,False,True
1546,0.868823,0,0,False,False,False,True
1547,0.854688,0,0,False,False,False,True
1548,0.862931,0,0,False,False,False,True
1549,0.863924,0,0,False,False,False,True
1550,0.872894,0,0,False,False,False,True
1551,0.845538,0,0,False,False,False,True
1552,0.96901,1,1,True,False,False,False
1553,0.963384,0,1,False,True,False,False
1554,0.83352,0,0,False,False,False,True
1555,0.833619,0,0,False,False,False,True
1556,0.825548,0,0,False,False,False,True
1557,0.953067,1,1,True,False,False,False
1558,0.951933,0,1,False,True,False,False
1559,0.844469,0,0,False,False,False,True
1560,0.84697,0,0,False,False,False,True
1561,0.790186,0,0,False,False,False,True
1562,0.792061,0,0,False,False,False,True
1563,0.787383,0,0,False,False,False,True
1564,0.796406,0,0,False,False,False,True
1565,0.779452,0,0,False,False,False,True
1566,0.786525,0,0,False,False,False,True
1567,0.885878,1,0,False,False,True,False
1568,0.894112,0,0,False,False,False,True
1569,0.912444,0,1,False,True,False,False
1570,0.929993,0,1,False,True,False,False
1571,0.932413,0,1,False,True,False,False
1572,0.930151,0,1,False,True,False,False
1573,0.915398,0,1,False,True,False,False
1574,0.906923,0,1,False,True,False,False
1575,0.901814,0,0,False,False,False,True
1576,0.905747,0,1,False,True,False,False
1577,0.898274,0,0,False,False,False,True
1578,0.89791,0,0,False,False,False,True
1579,0.901183,0,0,False,False,False,True
1580,0.892587,0,0,False,False,False,True
1581,0.901311,0,0,False,False,False,True
1582,0.933248,1,1,True,False,False,False
1583,0.930091,0,1,False,True,False,False
1584,0.924452,0,1,False,True,False,False
1585,0.927797,0,1,False,True,False,False
1586,0.917011,0,1,False,True,False,False
1587,0.925255,0,1,False,True,False,False
1588,0.928871,0,1,False,True,False,False
1589,0.933808,0,1,False,True,False,False
1590,0.928827,0,1,False,True,False,False
1591,1.092629,1,1,True,False,False,False
1592,0.993195,0,1,False,True,False,False
1593,1.007289,0,1,False,True,False,False
1594,1.042026,0,1,False,True,False,False
1595,1.054918,0,1,False,True,False,False
1596,1.049844,0,1,False,True,False,False
1597,0.920948,0,1,False,True,False,False
1598,0.919413,0,1,False,True,False,False
1599,0.913646,0,1,False,True,False,False
1600,0.924617,0,1,False,True,False,False
1601,0.927402,0,1,False,True,False,False
1602,0.936741,0,1,False,True,False,False
1603,0.939174,0,1,False,True,False,False
1604,0.943451,0,1,False,True,False,False
1605,0.936555,0,1,False,True,False,False
1606,0.921817,0,1,False,True,False,False
1607,0.837138,1,0,False,False,True,False
1608,0.829705,0,0,False,False,False,True
1609,0.854084,0,0,False,False,False,True
1610,0.839671,0,0,False,False,False,True
1611,0.825671,0,0,False,False,False,True
1612,0.832165,0,0,False,False,False,True
1613,0.827208,0,0,False,False,False,True
1614,0.829789,0,0,False,False,False,True
1615,0.822789,0,0,False,False,False,True
1616,0.830348,0,0,False,False,False,True
1617,0.827219,0,0,False,False,False,True
1618,0.828084,0,0,False,False,False,True
1619,0.837551,0,0,False,False,False,True
1620,0.862754,1,0,False,False,True,False
1621,0.860993,0,0,False,False,False,True
1622,0.823736,0,0,False,False,False,True
1623,0.828146,0,0,False,False,False,True
1624,0.835764,0,0,False,False,False,True
1625,0.833175,0,0,False,False,False,True
1626,0.832631,0,0,False,False,False,True
1627,0.825601,0,0,False,False,False,True
1628,0.847533,1,0,False,False,True,False
1629,0.852408,0,0,False,False,False,True
1630,0.843409,0,0,False,False,False,True
1631,0.661327,0,0,False,False,False,True
1632,0.640977,0,0,False,False,False,True
1633,0.633621,0,0,False,False,False,True
1634,0.604294,0,0,False,False,False,True
1635,0.659991,1,0,False,False,True,False
1636,0.714362,1,0,False,False,True,False
1637,0.710801,0,0,False,False,False,True
1638,0.718757,0,0,False,False,False,True
1639,0.729265,0,0,False,False,False,True
1640,0.725139,0,0,False,False,False,True
1641,0.741012,0,0,False,False,False,True
1642,0.736367,0,0,False,False,False,True
1643,0.762322,0,0,False,False,False,True
1644,0.752994,0,0,False,False,False,True
1645,0.752913,0,0,False,False,False,True
1646,0.758677,0,0,False,False,False,True
1647,0.738552,0,0,False,False,False,True
1648,0.745894,0,0,False,False,False,True
1649,0.703881,0,0,False,False,False,True
1650,0.712015,0,0,False,False,False,True
1651,0.710125,0,0,False,False,False,True
1652,0.712044,0,0,False,False,False,True
1653,0.704506,0,0,False,False,False,True
1654,0.708808,0,0,False,False,False,True
1655,0.708796,0,0,False,False,False,True
1656,0.711008,0,0,False,False,False,True
1657,0.713794,0,0,False,False,False,True
1658,0.722967,0,0,False,False,False,True
1659,0.723482,0,0,False,False,False,True
1660,0.854319,1,0,False,False,True,False
1661,0.866855,0,0,False,False,False,True
1662,0.865727,0,0,False,False,False,True
1663,0.867966,0,0,False,False,False,True
1664,0.869962,0,0,False,False,False,True
1665,0.865657,0,0,False,False,False,True
1666,0.869592,0,0,False,False,False,True
1667,0.873011,0,0,False,False,False,True
1668,0.851469,0,0,False,False,False,True
1669,0.976569,1,1,True,False,False,False
1670,0.986546,0,1,False,True,False,False
1671,0.987552,0,1,False,True,False,False
1672,0.992268,0,1,False,True,False,False
1673,1.14177,1,1,True,False,False,False
1674,1.144586,0,1,False,True,False,False
1675,1.078936,0,1,False,True,False,False
1676,1.025038,0,1,False,True,False,False
1677,1.029018,0,1,False,True,False,False
1678,1.049506,0,1,False,True,False,False
1679,1.070568,0,1,False,True,False,False
1680,1.058513,0,1,False,True,False,False
1681,1.051311,0,1,False,True,False,False
1682,1.067402,0,1,False,True,False,False
1683,1.040139,0,1,False,True,False,False
1684,1.045706,0,1,False,True,False,False
1685,1.049996,0,1,False,True,False,False
1686,1.184963,1,1,True,False,False,False
1687,1.156544,0,1,False,True,False,False
1688,1.15241,0,1,False,True,False,False
1689,1.148465,0,1,False,True,False,False
1690,1.152358,0,1,False,True,False,False
1691,1.16206,0,1,False,True,False,False
1692,1.16699,0,1,False,True,False,False
1693,1.177682,0,1,False,True,False,False
1694,1.177267,0,1,False,True,False,False
1695,1.187911,0,1,False,True,False,False
1696,1.187943,0,1,False,True,False,False
1697,1.210842,0,1,False,True,False,False
1698,1.224472,0,1,False,True,False,False
1699,1.216389,0,1,False,True,False,False
1700,1.067529,0,1,False,True,False,False
1701,1.051608,0,1,False,True,False,False
1702,1.057617,0,1,False,True,False,False
1703,1.06701,0,1,False,True,False,False
1704,1.062463,0,1,False,True,False,False
1705,1.06557,0,1,False,True,False,False
1706,1.084104,0,1,False,True,False,False
1707,1.210169,1,1,True,False,False,False
1708,1.215025,0,1,False,True,False,False
1709,1.080694,0,1,False,True,False,False
1710,1.096866,0,1,False,True,False,False
1711,1.105971,0,1,False,True,False,False
1712,1.099032,0,1,False,True,False,False
1713,0.944304,1,1,True,False,False,False
1714,0.930576,0,1,False,True,False,False
1715,0.938564,0,1,False,True,False,False
1716,0.9458,0,1,False,True,False,False
1717,0.948005,0,1,False,True,False,False
1718,0.940365,0,1,False,True,False,False
1719,0.924771,0,1,False,True,False,False
1720,0.933302,0,1,False,True,False,False
1721,0.932311,0,1,False,True,False,False
1722,0.917891,0,1,False,True,False,False
1723,1.034106,1,1,True,False,False,False
1724,1.016411,0,1,False,True,False,False
1725,1.022924,0,1,False,True,False,False
1726,0.878529,0,0,False,False,False,True
1727,0.97743,1,1,True,False,False,False
1728,0.994674,0,1,False,True,False,False
1729,1.001245,0,1,False,True,False,False
1730,0.997577,0,1,False,True,False,False
1731,1.000312,0,1,False,True,False,False
1732,0.999239,0,1,False,True,False,False
1733,0.992184,0,1,False,True,False,False
1734,0.996648,0,1,False,True,False,False
1735,1.001791,0,1,False,True,False,False
1736,1.008524,0,1,False,True,False,False
1737,0.991232,0,1,False,True,False,False
1738,0.982944,0,1,False,True,False,False
1739,0.993118,0,1,False,True,False,False
1740,1.011874,0,1,False,True,False,False
1741,1.018757,0,1,False,True,False,False
1742,1.03011,0,1,False,True,False,False
1743,1.024196,0,1,False,True,False,False
1744,1.128964,1,1,True,False,False,False
1745,1.12431,0,1,False,True,False,False
1746,1.11181,0,1,False,True,False,False
1747,0.977127,0,1,False,True,False,False
1748,0.956451,0,1,False,True,False,False
1749,0.966722,0,1,False,True,False,False
1750,0.962378,0,1,False,True,False,False
1751,0.962982,0,1,False,True,False,False
1752,0.978444,0,1,False,True,False,False
1753,0.968091,0,1,False,True,False,False
1754,0.9944,0,1,False,True,False,False
1755,1.017031,0,1,False,True,False,False
1756,1.017606,0,1,False,True,False,False
1757,1.009755,0,1,False,True,False,False
1758,0.997662,0,1,False,True,False,False
1759,0.986772,0,1,False,True,False,False
1760,0.985134,0,1,False,True,False,False
1761,0.9986,0,1,False,True,False,False
1762,0.997039,0,1,False,True,False,False
1763,0.885807,0,0,False,False,False,True
1764,0.884893,0,0,False,False,False,True
1765,0.888195,0,0,False,False,False,True
1766,0.875789,0,0,False,False,False,True
1767,0.763091,0,0,False,False,False,True
1768,0.739658,0,0,False,False,False,True
1769,0.747132,0,0,False,False,False,True
1770,0.753407,0,0,False,False,False,True
1771,0.750083,0,0,False,False,False,True
1772,0.751792,0,0,False,False,False,True
1773,0.766162,0,0,False,False,False,True
1774,0.756541,0,0,False,False,False,True
1775,0.745926,0,0,False,False,False,True
1776,0.756462,0,0,False,False,False,True
1777,0.750703,0,0,False,False,False,True
1778,0.744371,0,0,False,False,False,True
1779,0.729405,0,0,False,False,False,True
1780,0.712648,0,0,False,False,False,True
1781,0.831223,1,0,False,False,True,False
1782,0.828731,0,0,False,False,False,True
1783,0.841216,0,0,False,False,False,True
1784,0.725042,0,0,False,False,False,True
1785,0.734863,0,0,False,False,False,True
1786,0.740135,0,0,False,False,False,True
1787,0.744668,0,0,False,False,False,True
1788,0.750346,0,0,False,False,False,True
1789,0.73713,0,0,False,False,False,True
1790,0.742529,0,0,False,False,False,True
1791,0.728247,0,0,False,False,False,True
1792,0.725188,0,0,False,False,False,True
1793,0.719508,0,0,False,False,False,True
1794,0.687236,0,0,False,False,False,True
1795,0.657368,0,0,False,False,False,True
1796,0.657734,0,0,False,False,False,True
1797,0.674732,0,0,False,False,False,True
1798,0.677393,0,0,False,False,False,True
1799,0.678487,0,0,False,False,False,True
1800,0.678998,0,0,False,False,False,True
1801,0.669588,0,0,False,False,False,True
1802,0.681364,0,0,False,False,False,True
1803,0.826167,1,0,False,False,True,False
1804,0.828332,0,0,False,False,False,True
1805,0.832601,0,0,False,False,False,True
1806,0.854201,0,0,False,False,False,True
1807,0.872492,0,0,False,False,False,True
1808,0.878201,0,0,False,False,False,True
1809,0.884681,0,0,False,False,False,True
1810,0.88448,0,0,False,False,False,True
1811,1.010329,1,1,True,False,False,False
1812,1.021593,0,1,False,True,False,False
1813,1.018009,0,1,False,True,False,False
1814,1.035033,0,1,False,True,False,False
1815,1.052175,0,1,False,True,False,False
1816,1.036612,0,1,False,True,False,False
1817,1.040037,0,1,False,True,False,False
1818,1.038835,0,1,False,True,False,False
1819,1.053634,0,1,False,True,False,False
1820,1.064973,0,1,False,True,False,False
1821,0.949239,0,1,False,True,False,False
1822,0.927692,0,1,False,True,False,False
1823,0.927068,0,1,False,True,False,False
1824,0.924541,0,1,False,True,False,False
1825,0.913958,0,1,False,True,False,False
1826,0.91872,0,1,False,True,False,False
1827,0.912,0,1,False,True,False,False
1828,0.912936,0,1,False,True,False,False
1829,0.924982,0,1,False,True,False,False
1830,0.916817,0,1,False,True,False,False
1831,0.922765,0,1,False,True,False,False
1832,0.908292,0,1,False,True,False,False
1833,0.909433,0,1,False,True,False,False
1834,0.928468,0,1,False,True,False,False
1835,0.955747,0,1,False,True,False,False
1836,0.964035,0,1,False,True,False,False
1837,0.95131,0,1,False,True,False,False
1838,0.951107,0,1,False,True,False,False
1839,0.947744,0,1,False,True,False,False
1840,0.940501,0,1,False,True,False,False
1841,1.039757,1,1,True,False,False,False
1842,1.051822,0,1,False,True,False,False
1843,0.892383,0,0,False,False,False,True
1844,0.88568,0,0,False,False,False,True
1845,1.000398,1,1,True,False,False,False
1846,0.985644,0,1,False,True,False,False
1847,0.986016,0,1,False,True,False,False
1848,0.983568,0,1,False,True,False,False
1849,0.968641,0,1,False,True,False,False
1850,0.97208,0,1,False,True,False,False
1851,0.834148,0,0,False,False,False,True
1852,0.82711,0,0,False,False,False,True
1853,0.870874,1,0,False,False,True,False
1854,0.855325,0,0,False,False,False,True
1855,0.843537,0,0,False,False,False,True
1856,0.845616,0,0,False,False,False,True
1857,0.85574,0,0,False,False,False,True
1858,0.892269,1,0,False,False,True,False
1859,0.893453,0,0,False,False,False,True
1860,0.908062,0,1,False,True,False,False
1861,0.913239,0,1,False,True,False,False
1862,0.913151,0,1,False,True,False,False
1863,0.888406,0,0,False,False,False,True
1864,0.893651,0,0,False,False,False,True
1865,0.89479,0,0,False,False,False,True
1866,0.890351,0,0,False,False,False,True
1867,0.942969,1,1,True,False,False,False
1868,0.945839,0,1,False,True,False,False
1869,0.94474,0,1,False,True,False,False
1870,0.943615,0,1,False,True,False,False
1871,0.960092,0,1,False,True,False,False
1872,0.977681,0,1,False,True,False,False
1873,0.971022,0,1,False,True,False,False
1874,0.972591,0,1,False,True,False,False
1875,0.942612,0,1,False,True,False,False
1876,0.930868,0,1,False,True,False,False
1877,0.937833,0,1,False,True,False,False
1878,0.942812,0,1,False,True,False,False
1879,0.959018,0,1,False,True,False,False
1880,0.968208,0,1,False,True,False,False
1881,0.925558,1,1,True,False,False,False
1882,0.898144,0,0,False,False,False,True
1883,0.89595,0,0,False,False,False,True
1884,0.917748,0,1,False,True,False,False
1885,0.797074,0,0,False,False,False,True
1886,0.80798,0,0,False,False,False,True
1887,0.810062,0,0,False,False,False,True
1888,0.825384,0,0,False,False,False,True
1889,0.84609,0,0,False,False,False,True
1890,0.847928,0,0,False,False,False,True
1891,0.883313,0,0,False,False,False,True
1892,1.082862,1,1,True,False,False,False
1893,1.110387,0,1,False,True,False,False
1894,1.501931,0,1,False,True,False,False
1895,1.753736,0,1,False,True,False,False
1896,1.634137,0,1,False,True,False,False
1897,1.471496,0,1,False,True,False,False
1898,1.122827,0,1,False,True,False,False
1899,1.002232,0,1,False,True,False,False
1900,0.893136,0,0,False,False,False,True
1901,0.854016,0,0,False,False,False,True
1902,0.867335,0,0,False,False,False,True
1903,0.870022,0,0,False,False,False,True
1904,0.870271,0,0,False,False,False,True
1905,0.873959,0,0,False,False,False,True
1906,0.873343,0,0,False,False,False,True
1907,0.830048,0,0,False,False,False,True
1908,0.834039,0,0,False,False,False,True
1909,0.852226,0,0,False,False,False,True
1910,0.850509,0,0,False,False,False,True
1911,0.838596,0,0,False,False,False,True
1912,0.820821,0,0,False,False,False,True
1913,0.816193,0,0,False,False,False,True
1914,0.85078,1,0,False,False,True,False
1915,0.862647,0,0,False,False,False,True
1916,0.862179,0,0,False,False,False,True
1917,0.850677,0,0,False,False,False,True
1918,0.844278,0,0,False,False,False,True
1919,0.830582,0,0,False,False,False,True
1920,0.812687,0,0,False,False,False,True
1921,0.745347,0,0,False,False,False,True
1922,0.747796,0,0,False,False,False,True
1923,0.759479,0,0,False,False,False,True
1924,0.748,0,0,False,False,False,True
1925,0.763611,0,0,False,False,False,True
1926,0.759335,0,0,False,False,False,True
1927,0.75063,0,0,False,False,False,True
1928,0.762627,0,0,False,False,False,True
1929,0.766918,0,0,False,False,False,True
1930,0.757657,0,0,False,False,False,True
1931,0.747882,0,0,False,False,False,True
1932,0.599775,0,0,False,False,False,True
1933,0.590857,0,0,False,False,False,True
1934,0.599683,0,0,False,False,False,True
1935,0.601668,0,0,False,False,False,True
1936,0.609325,0,0,False,False,False,True
1937,0.627878,0,0,False,False,False,True
1938,0.630447,0,0,False,False,False,True
1939,0.65641,1,0,False,False,True,False
1940,0.692019,1,0,False,False,True,False
1941,0.695029,0,0,False,False,False,True
1942,0.694557,0,0,False,False,False,True
1943,0.706472,0,0,False,False,False,True
1944,0.690451,0,0,False,False,False,True
1945,0.692474,0,0,False,False,False,True
1946,0.698943,0,0,False,False,False,True
1947,0.694754,0,0,False,False,False,True
1948,0.69266,0,0,False,False,False,True
1949,0.676921,0,0,False,False,False,True
1950,0.681957,0,0,False,False,False,True
1951,0.690696,0,0,False,False,False,True
1952,0.700026,0,0,False,False,False,True
1953,0.704292,0,0,False,False,False,True
1954,0.660422,0,0,False,False,False,True
1955,0.651134,0,0,False,False,False,True
1956,0.658963,0,0,False,False,False,True
1957,0.667623,0,0,False,False,False,True
1958,0.685822,0,0,False,False,False,True
1959,0.678253,0,0,False,False,False,True
1960,0.684101,0,0,False,False,False,True
1961,0.685504,0,0,False,False,False,True
1962,0.696044,0,0,False,False,False,True
1963,0.681244,0,0,False,False,False,True
1964,0.681572,0,0,False,False,False,True
1965,0.674998,0,0,False,False,False,True
1966,0.683412,0,0,False,False,False,True
1967,0.698645,0,0,False,False,False,True
1968,0.679091,0,0,False,False,False,True
1969,0.695544,0,0,False,False,False,True
1970,0.709907,0,0,False,False,False,True
1971,0.708722,0,0,False,False,False,True
1972,0.710013,0,0,False,False,False,True
1973,0.712133,0,0,False,False,False,True
1974,0.712675,0,0,False,False,False,True
1975,0.722053,0,0,False,False,False,True
1976,0.730295,0,0,False,False,False,True
1977,0.747502,1,0,False,False,True,False
1978,0.751928,0,0,False,False,False,True
1979,0.738034,0,0,False,False,False,True
1980,0.70439,0,0,False,False,False,True
1981,0.704971,0,0,False,False,False,True
1982,0.823929,1,0,False,False,True,False
1983,0.800927,0,0,False,False,False,True
1984,0.811465,0,0,False,False,False,True
1985,0.815532,0,0,False,False,False,True
1986,0.799576,0,0,False,False,False,True
1987,0.79474,0,0,False,False,False,True
1988,0.799155,0,0,False,False,False,True
1989,0.795693,0,0,False,False,False,True
1990,0.781348,0,0,False,False,False,True
1991,0.767793,0,0,False,False,False,True
1992,0.762698,0,0,False,False,False,True
1993,0.766789,0,0,False,False,False,True
1994,0.776941,0,0,False,False,False,True
1995,0.804891,0,0,False,False,False,True
1996,0.802583,0,0,False,False,False,True
1997,0.805706,0,0,False,False,False,True
1998,0.937682,1,1,True,False,False,False
1999,0.967396,1,1,True,False,False,False
2000,0.961574,0,1,False,True,False,False
2001,0.967234,0,1,False,True,False,False
2002,0.963201,0,1,False,True,False,False
2003,0.960935,0,1,False,True,False,False
2004,0.966133,0,1,False,True,False,False
2005,0.977474,0,1,False,True,False,False
2006,0.991227,0,1,False,True,False,False
2007,0.985682,0,1,False,True,False,False
2008,0.987437,0,1,False,True,False,False
2009,0.968384,0,1,False,True,False,False
2010,0.972088,0,1,False,True,False,False
2011,0.979113,0,1,False,True,False,False
2012,0.972922,0,1,False,True,False,False
2013,0.970673,0,1,False,True,False,False
2014,0.96408,0,1,False,True,False,False
2015,0.982202,0,1,False,True,False,False
2016,0.963733,0,1,False,True,False,False
2017,0.932864,0,1,False,True,False,False
2018,0.928016,0,1,False,True,False,False
2019,0.926935,0,1,False,True,False,False
2020,0.920458,0,1,False,True,False,False
2021,0.937285,0,1,False,True,False,False
2022,0.814058,0,0,False,False,False,True
2023,0.927312,1,1,True,False,False,False
2024,0.91695,0,1,False,True,False,False
2025,0.906864,0,1,False,True,False,False
2026,0.924722,0,1,False,True,False,False
2027,0.924523,0,1,False,True,False,False
2028,0.919336,0,1,False,True,False,False
2029,0.92496,0,1,False,True,False,False
2030,0.931023,0,1,False,True,False,False
2031,0.956235,0,1,False,True,False,False
2032,0.976655,0,1,False,True,False,False
2033,0.973819,0,1,False,True,False,False
2034,0.958179,0,1,False,True,False,False
2035,0.930255,0,1,False,True,False,False
2036,0.944923,0,1,False,True,False,False
2037,0.946275,0,1,False,True,False,False
2038,0.795435,0,0,False,False,False,True
2039,0.775276,0,0,False,False,False,True
2040,0.790844,0,0,False,False,False,True
2041,0.788763,0,0,False,False,False,True
2042,0.801059,0,0,False,False,False,True
2043,0.806862,0,0,False,False,False,True
2044,0.80689,0,0,False,False,False,True
2045,0.787647,0,0,False,False,False,True
2046,0.769613,0,0,False,False,False,True
2047,0.768179,0,0,False,False,False,True
2048,0.785414,0,0,False,False,False,True
2049,0.95363,1,1,True,False,False,False
2050,0.947612,0,1,False,True,False,False
2051,0.95282,0,1,False,True,False,False
2052,0.968916,0,1,False,True,False,False
2053,0.991538,0,1,False,True,False,False
2054,1.008174,0,1,False,True,False,False
2055,0.992173,0,1,False,True,False,False
2056,1.005586,0,1,False,True,False,False
2057,1.010052,0,1,False,True,False,False
2058,1.007825,0,1,False,True,False,False
2059,1.010423,0,1,False,True,False,False
2060,1.01488,0,1,False,True,False,False
2061,1.00531,0,1,False,True,False,False
2062,1.01453,0,1,False,True,False,False
2063,0.902579,0,0,False,False,False,True
2064,0.888029,0,0,False,False,False,True
2065,0.893443,0,0,False,False,False,True
2066,0.89358,0,0,False,False,False,True
2067,0.934028,1,1,True,False,False,False
2068,0.934093,0,1,False,True,False,False
2069,0.917261,0,1,False,True,False,False
2070,0.918441,0,1,False,True,False,False
2071,0.892072,0,0,False,False,False,True
2072,0.872479,0,0,False,False,False,True
2073,0.887592,0,0,False,False,False,True
2074,0.894976,0,0,False,False,False,True
2075,0.939738,1,1,True,False,False,False
2076,0.920588,0,1,False,True,False,False
2077,0.923647,0,1,False,True,False,False
2078,0.935944,0,1,False,True,False,False
2079,0.920965,0,1,False,True,False,False
2080,0.904638,0,1,False,True,False,False
2081,0.912697,0,1,False,True,False,False
2082,0.902644,0,0,False,False,False,True
2083,0.899307,0,0,False,False,False,True
2084,0.901796,0,0,False,False,False,True
2085,0.912063,0,1,False,True,False,False
2086,0.921652,0,1,False,True,False,False
2087,0.920903,0,1,False,True,False,False
2088,0.916135,0,1,False,True,False,False
2089,0.820258,1,0,False,False,True,False
2090,0.817396,0,0,False,False,False,True
2091,0.914089,1,1,True,False,False,False
2092,0.901079,0,0,False,False,False,True
2093,0.889384,0,0,False,False,False,True
2094,0.870365,0,0,False,False,False,True
2095,0.872651,0,0,False,False,False,True
2096,0.857465,0,0,False,False,False,True
2097,0.857897,0,0,False,False,False,True
2098,0.861448,0,0,False,False,False,True
2099,0.856222,0,0,False,False,False,True
2100,0.857302,0,0,False,False,False,True
2101,0.854382,0,0,False,False,False,True
2102,0.842661,0,0,False,False,False,True
2103,0.838969,0,0,False,False,False,True
2104,0.895356,1,0,False,False,True,False
2105,0.893769,0,0,False,False,False,True
2106,0.891564,0,0,False,False,False,True
2107,0.86266,0,0,False,False,False,True
2108,0.873328,0,0,False,False,False,True
2109,0.879534,0,0,False,False,False,True
2110,0.876033,0,0,False,False,False,True
2111,0.875296,0,0,False,False,False,True
2112,0.916673,1,1,True,False,False,False
2113,0.911447,0,1,False,True,False,False
2114,0.914261,0,1,False,True,False,False
2115,0.87241,0,0,False,False,False,True
2116,0.881634,0,0,False,False,False,True
2117,0.897859,0,0,False,False,False,True
2118,0.879514,0,0,False,False,False,True
2119,0.888069,0,0,False,False,False,True
2120,0.894418,0,0,False,False,False,True
2121,0.882482,0,0,False,False,False,True
2122,0.877119,0,0,False,False,False,True
2123,0.871685,0,0,False,False,False,True
2124,0.88335,0,0,False,False,False,True
2125,0.872598,0,0,False,False,False,True
2126,0.872298,0,0,False,False,False,True
2127,0.872606,0,0,False,False,False,True
2128,0.864467,0,0,False,False,False,True
2129,0.780045,0,0,False,False,False,True
2130,0.789117,0,0,False,False,False,True
2131,0.683739,0,0,False,False,False,True
2132,0.689227,0,0,False,False,False,True
2133,0.735435,1,0,False,False,True,False
2134,0.763849,0,0,False,False,False,True
2135,0.883004,1,0,False,False,True,False
2136,0.883612,0,0,False,False,False,True
2137,0.880916,0,0,False,False,False,True
2138,0.893232,0,0,False,False,False,True
2139,0.888279,0,0,False,False,False,True
2140,0.882673,0,0,False,False,False,True
2141,0.879426,0,0,False,False,False,True
2142,0.885979,0,0,False,False,False,True
2143,0.893026,0,0,False,False,False,True
2144,0.834253,0,0,False,False,False,True
2145,0.84149,0,0,False,False,False,True
2146,0.82446,0,0,False,False,False,True
2147,0.824071,0,0,False,False,False,True
2148,0.961092,1,1,True,False,False,False
2149,0.953634,0,1,False,True,False,False
2150,0.967033,0,1,False,True,False,False
2151,0.993479,0,1,False,True,False,False
2152,0.952478,0,1,False,True,False,False
2153,0.94903,0,1,False,True,False,False
2154,0.9674,0,1,False,True,False,False
2155,0.969005,0,1,False,True,False,False
2156,0.972623,0,1,False,True,False,False
2157,0.956714,0,1,False,True,False,False
2158,0.966744,0,1,False,True,False,False
2159,0.990828,0,1,False,True,False,False
2160,0.983188,0,1,False,True,False,False
2161,0.99349,0,1,False,True,False,False
2162,1.012813,0,1,False,True,False,False
2163,1.076614,1,1,True,False,False,False
2164,1.05902,0,1,False,True,False,False
2165,1.069286,0,1,False,True,False,False
2166,1.075016,0,1,False,True,False,False
2167,1.075846,0,1,False,True,False,False
2168,1.098869,0,1,False,True,False,False
2169,1.091102,0,1,False,True,False,False
2170,1.095661,0,1,False,True,False,False
2171,1.092148,0,1,False,True,False,False
2172,1.10294,0,1,False,True,False,False
2173,1.060726,0,1,False,True,False,False
2174,1.036958,0,1,False,True,False,False
2175,0.918048,0,1,False,True,False,False
2176,0.923295,0,1,False,True,False,False
2177,0.937732,0,1,False,True,False,False
2178,0.924725,0,1,False,True,False,False
2179,0.927229,0,1,False,True,False,False
2180,0.923887,0,1,False,True,False,False
2181,0.953304,0,1,False,True,False,False
2182,0.948167,0,1,False,True,False,False
2183,0.936077,0,1,False,True,False,False
2184,0.941172,0,1,False,True,False,False
2185,0.920212,0,1,False,True,False,False
2186,0.954941,0,1,False,True,False,False
2187,0.956919,0,1,False,True,False,False
2188,0.812148,0,0,False,False,False,True
2189,0.837548,0,0,False,False,False,True
2190,0.818253,0,0,False,False,False,True
2191,0.796468,0,0,False,False,False,True
2192,0.800637,0,0,False,False,False,True
2193,0.802208,0,0,False,False,False,True
2194,0.780411,0,0,False,False,False,True
2195,0.776118,0,0,False,False,False,True
2196,0.778199,0,0,False,False,False,True
2197,0.780871,0,0,False,False,False,True
2198,0.782405,0,0,False,False,False,True
2199,0.775202,0,0,False,False,False,True
2200,0.783623,0,0,False,False,False,True
2201,0.783935,0,0,False,False,False,True
2202,0.761589,0,0,False,False,False,True
2203,0.712202,0,0,False,False,False,True
2204,0.721108,0,0,False,False,False,True
2205,0.708101,0,0,False,False,False,True
2206,0.704319,0,0,False,False,False,True
2207,0.698958,0,0,False,False,False,True
2208,0.684319,0,0,False,False,False,True
2209,0.697465,0,0,False,False,False,True
2210,0.684918,0,0,False,False,False,True
2211,0.685639,0,0,False,False,False,True
2212,0.67714,0,0,False,False,False,True
2213,0.68602,0,0,False,False,False,True
2214,0.699646,0,0,False,False,False,True
2215,0.714707,0,0,False,False,False,True
2216,0.731111,0,0,False,False,False,True
2217,0.708141,0,0,False,False,False,True
2218,0.729925,0,0,False,False,False,True
2219,0.739935,0,0,False,False,False,True
2220,0.811209,1,0,False,False,True,False
2221,0.810762,0,0,False,False,False,True
2222,0.844528,0,0,False,False,False,True
2223,0.851255,0,0,False,False,False,True
2224,0.872372,0,0,False,False,False,True
2225,0.887058,0,0,False,False,False,True
2226,0.838234,0,0,False,False,False,True
2227,0.832085,0,0,False,False,False,True
2228,0.819391,0,0,False,False,False,True
2229,0.770455,0,0,False,False,False,True
2230,0.778144,0,0,False,False,False,True
2231,0.777175,0,0,False,False,False,True
2232,0.776014,0,0,False,False,False,True
2233,0.780614,0,0,False,False,False,True
2234,0.767751,0,0,False,False,False,True
2235,0.772403,0,0,False,False,False,True
2236,0.88789,1,0,False,False,True,False
2237,0.990059,1,1,True,False,False,False
2238,0.994066,0,1,False,True,False,False
2239,0.968268,0,1,False,True,False,False
2240,0.963782,0,1,False,True,False,False
2241,0.958741,0,1,False,True,False,False
2242,1.030728,1,1,True,False,False,False
2243,1.023262,0,1,False,True,False,False
2244,1.033986,1,1,True,False,False,False
2245,1.036123,0,1,False,True,False,False
2246,1.028497,0,1,False,True,False,False
2247,1.023825,0,1,False,True,False,False
2248,1.022481,0,1,False,True,False,False
2249,1.027247,0,1,False,True,False,False
2250,1.021789,0,1,False,True,False,False
2251,1.009332,0,1,False,True,False,False
2252,1.014402,0,1,False,True,False,False
2253,1.07369,1,1,True,False,False,False
2254,1.052858,0,1,False,True,False,False
2255,1.041157,0,1,False,True,False,False
2256,1.012587,0,1,False,True,False,False
2257,1.010849,0,1,False,True,False,False
2258,1.0134,0,1,False,True,False,False
2259,1.027532,0,1,False,True,False,False
2260,1.002638,0,1,False,True,False,False
2261,1.00182,0,1,False,True,False,False
2262,0.993692,0,1,False,True,False,False
2263,1.107023,1,1,True,False,False,False
